Cliente;Ativo Selecionado;Período;Tempo total ligado;Tempo em movimento;Tempo ocioso;Tempo desligado;Odômetro (Km);Custo (Km/L);Custo (L/H);Deslocamentos
JANDAIA;TFP-8H93;01/09/2025 00:00:00 - 30/09/2025 23:59:59;88:47:55;81:50:46;06:57:09;476:33:14;2917,30;$ 0,00;$ 0,00;185
Cliente;Período;Ativo;Placa;Período;Status;Tempo total ligado;Tempo em movimento;Tempo ocioso;Tempo desligado;Odômetro (Km);Origem;Destino;Custo (Km/L);Custo (L/H);Ponto de referência;Motorista
JANDAIA;01/09/2025 00:00:00 - 30/09/2025 23:59:59;TFP-8H93;TFP-8H93;30/08/2025 00:49:42 - 01/09/2025 04:49:41;Desligado; - ; - ; - ;51:59:59; - ;Avenida Galdino A. de Sousa, 398, Jandaia - GO, 75950-000, Brasil; - ; - ; - ; - ; - 
JANDAIA;01/09/2025 00:00:00 - 30/09/2025 23:59:59;TFP-8H93;TFP-8H93;01/09/2025 04:49:41 - 01/09/2025 05:24:50;Ligado;00:35:09;00:33:45;00:01:24; - ;16.55;Avenida Galdino A. de Sousa -  374 -  Jandaia - GO -  75950-000 -  Brasil;Jandaia -  GO -  Brasil;$ 0,00;$ 0,00; - ;""
JANDAIA;01/09/2025 00:00:00 - 30/09/2025 23:59:59;TFP-8H93;TFP-8H93;01/09/2025 05:24:50 - 01/09/2025 05:28:19;Desligado; - ; - ; - ;00:03:29; - ;Jandaia, GO, Brasil; - ; - ; - ; - ; - 
JANDAIA;01/09/2025 00:00:00 - 30/09/2025 23:59:59;TFP-8H93;TFP-8H93;01/09/2025 05:28:19 - 01/09/2025 06:19:53;Ligado;00:51:34;00:45:23;00:06:11; - ;23.51;Jandaia -  GO -  Brasil;Palmeiras de Goias -  GO -  Brasil;$ 0,00;$ 0,00; - ;""
JANDAIA;01/09/2025 00:00:00 - 30/09/2025 23:59:59;TFP-8H93;TFP-8H93;01/09/2025 06:19:53 - 01/09/2025 06:19:54;Desligado; - ; - ; - ;00:00:01; - ;Palmeiras de Goias, GO, Brasil; - ; - ; - ; - ; - 
JANDAIA;01/09/2025 00:00:00 - 30/09/2025 23:59:59;TFP-8H93;TFP-8H93;01/09/2025 06:19:54 - 01/09/2025 06:59:05;Ligado;00:39:11;00:38:14;00:00:57; - ;19.07;Palmeiras de Goias -  GO -  Brasil;Avenida Galdino A. de Sousa -  384 -  Jandaia - GO -  75950-000 -  Brasil;$ 0,00;$ 0,00; - ;""
JANDAIA;01/09/2025 00:00:00 - 30/09/2025 23:59:59;TFP-8H93;TFP-8H93;01/09/2025 06:59:05 - 01/09/2025 07:00:49;Desligado; - ; - ; - ;00:01:44; - ;Avenida Galdino A. de Sousa, 384, Jandaia - GO, 75950-000, Brasil; - ; - ; - ; - ; - 
JANDAIA;01/09/2025 00:00:00 - 30/09/2025 23:59:59;TFP-8H93;TFP-8H93;01/09/2025 07:00:49 - 01/09/2025 07:03:48;Ligado;00:02:59;00:00:00;00:02:59; - ;0.00;Avenida Galdino A. de Sousa -  384 -  Jandaia - GO -  75950-000 -  Brasil;Avenida Galdino A. de Sousa -  384 -  Jandaia - GO -  75950-000 -  Brasil;$ 0,00;$ 0,00; - ;""
JANDAIA;01/09/2025 00:00:00 - 30/09/2025 23:59:59;TFP-8H93;TFP-8H93;01/09/2025 07:03:48 - 01/09/2025 10:46:17;Desligado; - ; - ; - ;03:42:29; - ;Avenida Galdino A. de Sousa, 384, Jandaia - GO, 75950-000, Brasil; - ; - ; - ; - ; - 
JANDAIA;01/09/2025 00:00:00 - 30/09/2025 23:59:59;TFP-8H93;TFP-8H93;01/09/2025 10:46:17 - 01/09/2025 10:53:47;Ligado;00:07:30;00:05:00;00:02:30; - ;1.31;Avenida Galdino A. de Sousa -  384 -  Jandaia - GO -  75950-000 -  Brasil;Rua F-Dois -  94 -  Jandaia - GO -  75950-000 -  Brasil;$ 0,00;$ 0,00; - ;""
JANDAIA;01/09/2025 00:00:00 - 30/09/2025 23:59:59;TFP-8H93;TFP-8H93;01/09/2025 10:53:47 - 01/09/2025 10:56:34;Desligado; - ; - ; - ;00:02:47; - ;Rua F-Dois, 94, Jandaia - GO, 75950-000, Brasil; - ; - ; - ; - ; - 
JANDAIA;01/09/2025 00:00:00 - 30/09/2025 23:59:59;TFP-8H93;TFP-8H93;01/09/2025 10:56:34 - 01/09/2025 11:00:49;Ligado;00:04:15;00:03:48;00:00:27; - ;1.02;Rua F-Dois -  94 -  Jandaia - GO -  75950-000 -  Brasil;Rua Tres -  Jandaia - GO -  75950-000 -  Brasil;$ 0,00;$ 0,00; - ;""
JANDAIA;01/09/2025 00:00:00 - 30/09/2025 23:59:59;TFP-8H93;TFP-8H93;01/09/2025 11:00:49 - 01/09/2025 11:11:47;Desligado; - ; - ; - ;00:10:58; - ;Rua Tres, Jandaia - GO, 75950-000, Brasil; - ; - ; - ; - ; - 
JANDAIA;01/09/2025 00:00:00 - 30/09/2025 23:59:59;TFP-8H93;TFP-8H93;01/09/2025 11:11:47 - 01/09/2025 11:16:02;Ligado;00:04:15;00:03:55;00:00:20; - ;1.76;Rua Tres -  Jandaia - GO -  75950-000 -  Brasil;Rua Jose Faria Campos -  56 -  Jandaia - GO -  75950-000 -  Brasil;$ 0,00;$ 0,00; - ;""
JANDAIA;01/09/2025 00:00:00 - 30/09/2025 23:59:59;TFP-8H93;TFP-8H93;01/09/2025 11:16:02 - 01/09/2025 11:21:51;Desligado; - ; - ; - ;00:05:49; - ;Rua Jose Faria Campos, 56, Jandaia - GO, 75950-000, Brasil; - ; - ; - ; - ; - 
JANDAIA;01/09/2025 00:00:00 - 30/09/2025 23:59:59;TFP-8H93;TFP-8H93;01/09/2025 11:21:51 - 01/09/2025 13:09:30;Ligado;01:47:39;01:41:49;00:05:50; - ;68.81;Rua Libertino M. Mesquita -  58 -  Jandaia - GO -  75950-000 -  Brasil;Avenida Galdino A. de Sousa -  384 -  Jandaia - GO -  75950-000 -  Brasil;$ 0,00;$ 0,00; - ;""
JANDAIA;01/09/2025 00:00:00 - 30/09/2025 23:59:59;TFP-8H93;TFP-8H93;01/09/2025 13:09:30 - 01/09/2025 13:09:34;Desligado; - ; - ; - ;00:00:04; - ;Avenida Galdino A. de Sousa, 384, Jandaia - GO, 75950-000, Brasil; - ; - ; - ; - ; - 
JANDAIA;01/09/2025 00:00:00 - 30/09/2025 23:59:59;TFP-8H93;TFP-8H93;01/09/2025 13:09:34 - 01/09/2025 13:09:53;Ligado;00:00:19;00:00:00;00:00:19; - ;0.00;Avenida Galdino A. de Sousa -  384 -  Jandaia - GO -  75950-000 -  Brasil;Avenida Galdino A. de Sousa -  384 -  Jandaia - GO -  75950-000 -  Brasil;$ 0,00;$ 0,00; - ;""
JANDAIA;01/09/2025 00:00:00 - 30/09/2025 23:59:59;TFP-8H93;TFP-8H93;01/09/2025 13:09:53 - 01/09/2025 16:40:47;Desligado; - ; - ; - ;03:30:54; - ;Avenida Galdino A. de Sousa, 384, Jandaia - GO, 75950-000, Brasil; - ; - ; - ; - ; - 
JANDAIA;01/09/2025 00:00:00 - 30/09/2025 23:59:59;TFP-8H93;TFP-8H93;01/09/2025 16:40:47 - 01/09/2025 16:48:47;Ligado;00:08:00;00:04:51;00:03:09; - ;1.97;Avenida Galdino A. de Sousa -  362 -  Jandaia - GO -  75950-000 -  Brasil;Jandaia -  GO -  Brasil;$ 0,00;$ 0,00; - ;""
JANDAIA;01/09/2025 00:00:00 - 30/09/2025 23:59:59;TFP-8H93;TFP-8H93;01/09/2025 16:48:47 - 01/09/2025 17:11:40;Desligado; - ; - ; - ;00:22:53; - ;Jandaia, GO, Brasil; - ; - ; - ; - ; - 
JANDAIA;01/09/2025 00:00:00 - 30/09/2025 23:59:59;TFP-8H93;TFP-8H93;01/09/2025 17:11:40 - 01/09/2025 17:16:56;Ligado;00:05:16;00:04:49;00:00:27; - ;1.83;Rua Dois -  Jandaia - GO -  75950-000 -  Brasil;Rua Jose Faria Campos -  56 -  Jandaia - GO -  75950-000 -  Brasil;$ 0,00;$ 0,00; - ;""
JANDAIA;01/09/2025 00:00:00 - 30/09/2025 23:59:59;TFP-8H93;TFP-8H93;01/09/2025 17:16:56 - 01/09/2025 17:21:21;Desligado; - ; - ; - ;00:04:25; - ;Rua Jose Faria Campos, 56, Jandaia - GO, 75950-000, Brasil; - ; - ; - ; - ; - 
JANDAIA;01/09/2025 00:00:00 - 30/09/2025 23:59:59;TFP-8H93;TFP-8H93;01/09/2025 17:21:21 - 01/09/2025 18:05:28;Ligado;00:44:07;00:41:46;00:02:21; - ;25.41;Rua Jose Faria Campos -  56 -  Jandaia - GO -  75950-000 -  Brasil;Jandaia -  GO -  Brasil;$ 0,00;$ 0,00; - ;""
JANDAIA;01/09/2025 00:00:00 - 30/09/2025 23:59:59;TFP-8H93;TFP-8H93;01/09/2025 18:05:28 - 01/09/2025 18:05:29;Desligado; - ; - ; - ;00:00:01; - ;Jandaia, GO, Brasil; - ; - ; - ; - ; - 
JANDAIA;01/09/2025 00:00:00 - 30/09/2025 23:59:59;TFP-8H93;TFP-8H93;01/09/2025 18:05:29 - 01/09/2025 18:05:43;Ligado;00:00:14;00:00:00;00:00:14; - ;0.00;Jandaia -  GO -  Brasil;Jandaia -  GO -  Brasil;$ 0,00;$ 0,00; - ;""
JANDAIA;01/09/2025 00:00:00 - 30/09/2025 23:59:59;TFP-8H93;TFP-8H93;01/09/2025 18:05:43 - 01/09/2025 18:08:59;Desligado; - ; - ; - ;00:03:16; - ;Jandaia, GO, Brasil; - ; - ; - ; - ; - 
JANDAIA;01/09/2025 00:00:00 - 30/09/2025 23:59:59;TFP-8H93;TFP-8H93;01/09/2025 18:08:59 - 01/09/2025 18:23:59;Ligado;00:15:00;00:14:12;00:00:48; - ;9.36;Jandaia -  GO -  Brasil;Avenida Galdino A. de Sousa -  384 -  Jandaia - GO -  75950-000 -  Brasil;$ 0,00;$ 0,00; - ;""
JANDAIA;01/09/2025 00:00:00 - 30/09/2025 23:59:59;TFP-8H93;TFP-8H93;01/09/2025 18:23:59 - 01/09/2025 18:51:39;Desligado; - ; - ; - ;00:27:40; - ;Avenida Galdino A. de Sousa, 384, Jandaia - GO, 75950-000, Brasil; - ; - ; - ; - ; - 
JANDAIA;01/09/2025 00:00:00 - 30/09/2025 23:59:59;TFP-8H93;TFP-8H93;01/09/2025 18:51:39 - 01/09/2025 18:54:24;Ligado;00:02:45;00:00:00;00:02:45; - ;0.00;Avenida Galdino A. de Sousa -  384 -  Jandaia - GO -  75950-000 -  Brasil;Avenida Galdino A. de Sousa -  384 -  Jandaia - GO -  75950-000 -  Brasil;$ 0,00;$ 0,00; - ;""
JANDAIA;01/09/2025 00:00:00 - 30/09/2025 23:59:59;TFP-8H93;TFP-8H93;01/09/2025 18:54:24 - 02/09/2025 04:47:39;Desligado; - ; - ; - ;09:53:15; - ;Avenida Galdino A. de Sousa, 384, Jandaia - GO, 75950-000, Brasil; - ; - ; - ; - ; - 
JANDAIA;01/09/2025 00:00:00 - 30/09/2025 23:59:59;TFP-8H93;TFP-8H93;02/09/2025 04:47:39 - 02/09/2025 05:25:44;Ligado;00:38:05;00:36:41;00:01:24; - ;16.54;Avenida Galdino A. de Sousa -  374 -  Jandaia - GO -  75950-000 -  Brasil;Jandaia -  GO -  Brasil;$ 0,00;$ 0,00; - ;""
JANDAIA;01/09/2025 00:00:00 - 30/09/2025 23:59:59;TFP-8H93;TFP-8H93;02/09/2025 05:25:44 - 02/09/2025 05:28:56;Desligado; - ; - ; - ;00:03:12; - ;Jandaia, GO, Brasil; - ; - ; - ; - ; - 
JANDAIA;01/09/2025 00:00:00 - 30/09/2025 23:59:59;TFP-8H93;TFP-8H93;02/09/2025 05:28:56 - 02/09/2025 06:57:35;Ligado;01:28:39;01:23:52;00:04:47; - ;43.06;Jandaia -  GO -  Brasil;Avenida Galdino A. de Sousa -  384 -  Jandaia - GO -  75950-000 -  Brasil;$ 0,00;$ 0,00; - ;""
JANDAIA;01/09/2025 00:00:00 - 30/09/2025 23:59:59;TFP-8H93;TFP-8H93;02/09/2025 06:57:35 - 02/09/2025 06:58:49;Desligado; - ; - ; - ;00:01:14; - ;Avenida Galdino A. de Sousa, 384, Jandaia - GO, 75950-000, Brasil; - ; - ; - ; - ; - 
JANDAIA;01/09/2025 00:00:00 - 30/09/2025 23:59:59;TFP-8H93;TFP-8H93;02/09/2025 06:58:49 - 02/09/2025 07:00:27;Ligado;00:01:38;00:00:00;00:01:38; - ;0.00;Avenida Galdino A. de Sousa -  384 -  Jandaia - GO -  75950-000 -  Brasil;Avenida Galdino A. de Sousa -  384 -  Jandaia - GO -  75950-000 -  Brasil;$ 0,00;$ 0,00; - ;""
JANDAIA;01/09/2025 00:00:00 - 30/09/2025 23:59:59;TFP-8H93;TFP-8H93;02/09/2025 07:00:27 - 02/09/2025 10:41:25;Desligado; - ; - ; - ;03:40:58; - ;Avenida Galdino A. de Sousa, 384, Jandaia - GO, 75950-000, Brasil; - ; - ; - ; - ; - 
JANDAIA;01/09/2025 00:00:00 - 30/09/2025 23:59:59;TFP-8H93;TFP-8H93;02/09/2025 10:41:25 - 02/09/2025 10:44:14;Ligado;00:02:49;00:01:01;00:01:48; - ;0.08;Avenida Galdino A. de Sousa -  221 -  Jandaia - GO -  75950-000 -  Brasil;Avenida Galdino A. de Sousa -  300 -  Jandaia - GO -  75950-000 -  Brasil;$ 0,00;$ 0,00; - ;""
JANDAIA;01/09/2025 00:00:00 - 30/09/2025 23:59:59;TFP-8H93;TFP-8H93;02/09/2025 10:44:14 - 02/09/2025 10:46:36;Desligado; - ; - ; - ;00:02:22; - ;Avenida Galdino A. de Sousa, 300, Jandaia - GO, 75950-000, Brasil; - ; - ; - ; - ; - 
JANDAIA;01/09/2025 00:00:00 - 30/09/2025 23:59:59;TFP-8H93;TFP-8H93;02/09/2025 10:46:36 - 02/09/2025 10:51:54;Ligado;00:05:18;00:04:36;00:00:42; - ;1.21;Avenida Galdino A. de Sousa -  300 -  Jandaia - GO -  75950-000 -  Brasil;Rua F-Dois -  94 -  Jandaia - GO -  75950-000 -  Brasil;$ 0,00;$ 0,00; - ;""
JANDAIA;01/09/2025 00:00:00 - 30/09/2025 23:59:59;TFP-8H93;TFP-8H93;02/09/2025 10:51:54 - 02/09/2025 10:53:15;Desligado; - ; - ; - ;00:01:21; - ;Rua F-Dois, 94, Jandaia - GO, 75950-000, Brasil; - ; - ; - ; - ; - 
JANDAIA;01/09/2025 00:00:00 - 30/09/2025 23:59:59;TFP-8H93;TFP-8H93;02/09/2025 10:53:15 - 02/09/2025 10:57:10;Ligado;00:03:55;00:03:19;00:00:36; - ;1.05;Rua F-Dois -  94 -  Jandaia - GO -  75950-000 -  Brasil;Rua Tres -  Jandaia - GO -  75950-000 -  Brasil;$ 0,00;$ 0,00; - ;""
JANDAIA;01/09/2025 00:00:00 - 30/09/2025 23:59:59;TFP-8H93;TFP-8H93;02/09/2025 10:57:10 - 02/09/2025 11:11:26;Desligado; - ; - ; - ;00:14:16; - ;Rua Tres, Jandaia - GO, 75950-000, Brasil; - ; - ; - ; - ; - 
JANDAIA;01/09/2025 00:00:00 - 30/09/2025 23:59:59;TFP-8H93;TFP-8H93;02/09/2025 11:11:26 - 02/09/2025 11:15:48;Ligado;00:04:22;00:03:43;00:00:39; - ;1.55;Rua Dois -  Jandaia - GO -  75950-000 -  Brasil;Avenida Eliziario Luiz da Costa -  131 -  Jandaia - GO -  75950-000 -  Brasil;$ 0,00;$ 0,00; - ;""
JANDAIA;01/09/2025 00:00:00 - 30/09/2025 23:59:59;TFP-8H93;TFP-8H93;02/09/2025 11:15:48 - 02/09/2025 11:20:40;Desligado; - ; - ; - ;00:04:52; - ;Avenida Eliziario Luiz da Costa, 131, Jandaia - GO, 75950-000, Brasil; - ; - ; - ; - ; - 
JANDAIA;01/09/2025 00:00:00 - 30/09/2025 23:59:59;TFP-8H93;TFP-8H93;02/09/2025 11:20:40 - 02/09/2025 11:20:54;Ligado;00:00:14;00:00:00;00:00:14; - ;0.00;Avenida Eliziario Luiz da Costa -  131 -  Jandaia - GO -  75950-000 -  Brasil;Avenida Eliziario Luiz da Costa -  131 -  Jandaia - GO -  75950-000 -  Brasil;$ 0,00;$ 0,00; - ;""
JANDAIA;01/09/2025 00:00:00 - 30/09/2025 23:59:59;TFP-8H93;TFP-8H93;02/09/2025 11:20:54 - 02/09/2025 11:20:56;Desligado; - ; - ; - ;00:00:02; - ;Avenida Eliziario Luiz da Costa, 131, Jandaia - GO, 75950-000, Brasil; - ; - ; - ; - ; - 
JANDAIA;01/09/2025 00:00:00 - 30/09/2025 23:59:59;TFP-8H93;TFP-8H93;02/09/2025 11:20:56 - 02/09/2025 11:48:43;Ligado;00:27:47;00:24:10;00:03:37; - ;18.94;Avenida Eliziario Luiz da Costa -  131 -  Jandaia - GO -  75950-000 -  Brasil;Palmeiras de Goias -  GO -  Brasil;$ 0,00;$ 0,00; - ;""
JANDAIA;01/09/2025 00:00:00 - 30/09/2025 23:59:59;TFP-8H93;TFP-8H93;02/09/2025 11:48:43 - 02/09/2025 11:48:45;Desligado; - ; - ; - ;00:00:02; - ;Palmeiras de Goias, GO, Brasil; - ; - ; - ; - ; - 
JANDAIA;01/09/2025 00:00:00 - 30/09/2025 23:59:59;TFP-8H93;TFP-8H93;02/09/2025 11:48:45 - 02/09/2025 13:08:35;Ligado;01:19:50;01:17:48;00:02:02; - ;50.13;Palmeiras de Goias -  GO -  Brasil;Avenida Galdino A. de Sousa -  384 -  Jandaia - GO -  75950-000 -  Brasil;$ 0,00;$ 0,00; - ;""
JANDAIA;01/09/2025 00:00:00 - 30/09/2025 23:59:59;TFP-8H93;TFP-8H93;02/09/2025 13:08:35 - 02/09/2025 16:41:09;Desligado; - ; - ; - ;03:32:34; - ;Avenida Galdino A. de Sousa, 384, Jandaia - GO, 75950-000, Brasil; - ; - ; - ; - ; - 
JANDAIA;01/09/2025 00:00:00 - 30/09/2025 23:59:59;TFP-8H93;TFP-8H93;02/09/2025 16:41:09 - 02/09/2025 16:46:41;Ligado;00:05:32;00:05:05;00:00:27; - ;1.95;Avenida Galdino A. de Sousa -  362 -  Jandaia - GO -  75950-000 -  Brasil;Jandaia -  GO -  Brasil;$ 0,00;$ 0,00; - ;""
JANDAIA;01/09/2025 00:00:00 - 30/09/2025 23:59:59;TFP-8H93;TFP-8H93;02/09/2025 16:46:41 - 02/09/2025 17:11:31;Desligado; - ; - ; - ;00:24:50; - ;Jandaia, GO, Brasil; - ; - ; - ; - ; - 
JANDAIA;01/09/2025 00:00:00 - 30/09/2025 23:59:59;TFP-8H93;TFP-8H93;02/09/2025 17:11:31 - 02/09/2025 17:17:26;Ligado;00:05:55;00:05:17;00:00:38; - ;1.94;Jandaia -  GO -  Brasil;Rua Jose Faria Campos -  56 -  Jandaia - GO -  75950-000 -  Brasil;$ 0,00;$ 0,00; - ;""
JANDAIA;01/09/2025 00:00:00 - 30/09/2025 23:59:59;TFP-8H93;TFP-8H93;02/09/2025 17:17:26 - 02/09/2025 17:22:29;Desligado; - ; - ; - ;00:05:03; - ;Rua Jose Faria Campos, 56, Jandaia - GO, 75950-000, Brasil; - ; - ; - ; - ; - 
JANDAIA;01/09/2025 00:00:00 - 30/09/2025 23:59:59;TFP-8H93;TFP-8H93;02/09/2025 17:22:29 - 02/09/2025 18:18:01;Ligado;00:55:32;00:53:40;00:01:52; - ;34.61;Rua Jose Faria Campos -  56 -  Jandaia - GO -  75950-000 -  Brasil;Rua Libertino M. Mesquita -  365 -  Jandaia - GO -  75950-000 -  Brasil;$ 0,00;$ 0,00; - ;""
JANDAIA;01/09/2025 00:00:00 - 30/09/2025 23:59:59;TFP-8H93;TFP-8H93;02/09/2025 18:18:01 - 02/09/2025 18:18:41;Desligado; - ; - ; - ;00:00:40; - ;Rua Libertino M. Mesquita, 365, Jandaia - GO, 75950-000, Brasil; - ; - ; - ; - ; - 
JANDAIA;01/09/2025 00:00:00 - 30/09/2025 23:59:59;TFP-8H93;TFP-8H93;02/09/2025 18:18:41 - 02/09/2025 18:18:45;Ligado;00:00:04;00:00:00;00:00:04; - ;0.00;Rua Libertino M. Mesquita -  365 -  Jandaia - GO -  75950-000 -  Brasil;Rua Libertino M. Mesquita -  365 -  Jandaia - GO -  75950-000 -  Brasil;$ 0,00;$ 0,00; - ;""
JANDAIA;01/09/2025 00:00:00 - 30/09/2025 23:59:59;TFP-8H93;TFP-8H93;02/09/2025 18:18:45 - 02/09/2025 18:19:13;Desligado; - ; - ; - ;00:00:28; - ;Rua Libertino M. Mesquita, 365, Jandaia - GO, 75950-000, Brasil; - ; - ; - ; - ; - 
JANDAIA;01/09/2025 00:00:00 - 30/09/2025 23:59:59;TFP-8H93;TFP-8H93;02/09/2025 18:19:13 - 02/09/2025 18:19:20;Ligado;00:00:07;00:00:00;00:00:07; - ;0.00;Rua Libertino M. Mesquita -  365 -  Jandaia - GO -  75950-000 -  Brasil;Rua Libertino M. Mesquita -  365 -  Jandaia - GO -  75950-000 -  Brasil;$ 0,00;$ 0,00; - ;""
JANDAIA;01/09/2025 00:00:00 - 30/09/2025 23:59:59;TFP-8H93;TFP-8H93;02/09/2025 18:19:20 - 02/09/2025 18:20:54;Desligado; - ; - ; - ;00:01:34; - ;Rua Libertino M. Mesquita, 365, Jandaia - GO, 75950-000, Brasil; - ; - ; - ; - ; - 
JANDAIA;01/09/2025 00:00:00 - 30/09/2025 23:59:59;TFP-8H93;TFP-8H93;02/09/2025 18:20:54 - 02/09/2025 18:20:58;Ligado;00:00:04;00:00:00;00:00:04; - ;0.00;Rua Libertino M. Mesquita -  365 -  Jandaia - GO -  75950-000 -  Brasil;Rua Libertino M. Mesquita -  365 -  Jandaia - GO -  75950-000 -  Brasil;$ 0,00;$ 0,00; - ;""
JANDAIA;01/09/2025 00:00:00 - 30/09/2025 23:59:59;TFP-8H93;TFP-8H93;02/09/2025 18:20:58 - 02/09/2025 18:27:40;Desligado; - ; - ; - ;00:06:42; - ;Rua Libertino M. Mesquita, 365, Jandaia - GO, 75950-000, Brasil; - ; - ; - ; - ; - 
JANDAIA;01/09/2025 00:00:00 - 30/09/2025 23:59:59;TFP-8H93;TFP-8H93;02/09/2025 18:27:40 - 02/09/2025 18:29:26;Ligado;00:01:46;00:01:05;00:00:41; - ;0.34;Rua Libertino M. Mesquita -  365 -  Jandaia - GO -  75950-000 -  Brasil;Avenida Galdino A. de Sousa -  384 -  Jandaia - GO -  75950-000 -  Brasil;$ 0,00;$ 0,00; - ;""
JANDAIA;01/09/2025 00:00:00 - 30/09/2025 23:59:59;TFP-8H93;TFP-8H93;02/09/2025 18:29:26 - 03/09/2025 04:46:10;Desligado; - ; - ; - ;10:16:44; - ;Avenida Galdino A. de Sousa, 384, Jandaia - GO, 75950-000, Brasil; - ; - ; - ; - ; - 
JANDAIA;01/09/2025 00:00:00 - 30/09/2025 23:59:59;TFP-8H93;TFP-8H93;03/09/2025 04:46:10 - 03/09/2025 05:21:09;Ligado;00:34:59;00:33:33;00:01:26; - ;16.51;Avenida Galdino A. de Sousa -  374 -  Jandaia - GO -  75950-000 -  Brasil;Jandaia -  GO -  Brasil;$ 0,00;$ 0,00; - ;""
JANDAIA;01/09/2025 00:00:00 - 30/09/2025 23:59:59;TFP-8H93;TFP-8H93;03/09/2025 05:21:09 - 03/09/2025 05:25:34;Desligado; - ; - ; - ;00:04:25; - ;Jandaia, GO, Brasil; - ; - ; - ; - ; - 
JANDAIA;01/09/2025 00:00:00 - 30/09/2025 23:59:59;TFP-8H93;TFP-8H93;03/09/2025 05:25:34 - 03/09/2025 05:25:40;Ligado;00:00:06;00:00:00;00:00:06; - ;0.00;Jandaia -  GO -  Brasil;Jandaia -  GO -  Brasil;$ 0,00;$ 0,00; - ;""
JANDAIA;01/09/2025 00:00:00 - 30/09/2025 23:59:59;TFP-8H93;TFP-8H93;03/09/2025 05:25:40 - 03/09/2025 05:28:52;Desligado; - ; - ; - ;00:03:12; - ;Jandaia, GO, Brasil; - ; - ; - ; - ; - 
JANDAIA;01/09/2025 00:00:00 - 30/09/2025 23:59:59;TFP-8H93;TFP-8H93;03/09/2025 05:28:52 - 03/09/2025 06:57:49;Ligado;01:28:57;01:26:30;00:02:27; - ;43.07;Jandaia -  GO -  Brasil;Avenida Galdino A. de Sousa -  384 -  Jandaia - GO -  75950-000 -  Brasil;$ 0,00;$ 0,00; - ;""
JANDAIA;01/09/2025 00:00:00 - 30/09/2025 23:59:59;TFP-8H93;TFP-8H93;03/09/2025 06:57:49 - 03/09/2025 10:47:03;Desligado; - ; - ; - ;03:49:14; - ;Avenida Galdino A. de Sousa, 384, Jandaia - GO, 75950-000, Brasil; - ; - ; - ; - ; - 
JANDAIA;01/09/2025 00:00:00 - 30/09/2025 23:59:59;TFP-8H93;TFP-8H93;03/09/2025 10:47:03 - 03/09/2025 10:52:36;Ligado;00:05:33;00:04:57;00:00:36; - ;1.29;Avenida Galdino A. de Sousa -  221 -  Jandaia - GO -  75950-000 -  Brasil;Rua F-Dois -  94 -  Jandaia - GO -  75950-000 -  Brasil;$ 0,00;$ 0,00; - ;""
JANDAIA;01/09/2025 00:00:00 - 30/09/2025 23:59:59;TFP-8H93;TFP-8H93;03/09/2025 10:52:36 - 03/09/2025 10:55:39;Desligado; - ; - ; - ;00:03:03; - ;Rua F-Dois, 94, Jandaia - GO, 75950-000, Brasil; - ; - ; - ; - ; - 
JANDAIA;01/09/2025 00:00:00 - 30/09/2025 23:59:59;TFP-8H93;TFP-8H93;03/09/2025 10:55:39 - 03/09/2025 11:00:39;Ligado;00:05:00;00:04:48;00:00:12; - ;1.03;Rua F-Dois -  94 -  Jandaia - GO -  75950-000 -  Brasil;Jandaia -  GO -  Brasil;$ 0,00;$ 0,00; - ;""
JANDAIA;01/09/2025 00:00:00 - 30/09/2025 23:59:59;TFP-8H93;TFP-8H93;03/09/2025 11:00:39 - 03/09/2025 11:10:16;Desligado; - ; - ; - ;00:09:37; - ;Jandaia, GO, Brasil; - ; - ; - ; - ; - 
JANDAIA;01/09/2025 00:00:00 - 30/09/2025 23:59:59;TFP-8H93;TFP-8H93;03/09/2025 11:10:16 - 03/09/2025 11:14:51;Ligado;00:04:35;00:04:14;00:00:21; - ;1.70;Rua Tres -  Jandaia - GO -  75950-000 -  Brasil;Avenida Eliziario Luiz da Costa -  131 -  Jandaia - GO -  75950-000 -  Brasil;$ 0,00;$ 0,00; - ;""
JANDAIA;01/09/2025 00:00:00 - 30/09/2025 23:59:59;TFP-8H93;TFP-8H93;03/09/2025 11:14:51 - 03/09/2025 11:20:51;Desligado; - ; - ; - ;00:06:00; - ;Avenida Eliziario Luiz da Costa, 131, Jandaia - GO, 75950-000, Brasil; - ; - ; - ; - ; - 
JANDAIA;01/09/2025 00:00:00 - 30/09/2025 23:59:59;TFP-8H93;TFP-8H93;03/09/2025 11:20:51 - 03/09/2025 12:08:28;Ligado;00:47:37;00:45:11;00:02:26; - ;31.12;Avenida Eliziario Luiz da Costa -  131 -  Jandaia - GO -  75950-000 -  Brasil;Palmeiras de Goias -  GO -  Brasil;$ 0,00;$ 0,00; - ;""
JANDAIA;01/09/2025 00:00:00 - 30/09/2025 23:59:59;TFP-8H93;TFP-8H93;03/09/2025 12:08:28 - 03/09/2025 12:08:28;Desligado; - ; - ; - ;00:00:00; - ;Palmeiras de Goias, GO, Brasil; - ; - ; - ; - ; - 
JANDAIA;01/09/2025 00:00:00 - 30/09/2025 23:59:59;TFP-8H93;TFP-8H93;03/09/2025 12:08:28 - 03/09/2025 12:08:28;Ligado;00:00:00;00:00:00;00:00:00; - ;0.00;Palmeiras de Goias -  GO -  Brasil;Palmeiras de Goias -  GO -  Brasil;$ 0,00;$ 0,00; - ;""
JANDAIA;01/09/2025 00:00:00 - 30/09/2025 23:59:59;TFP-8H93;TFP-8H93;03/09/2025 12:08:28 - 03/09/2025 12:08:28;Desligado; - ; - ; - ;00:00:00; - ;Palmeiras de Goias, GO, Brasil; - ; - ; - ; - ; - 
JANDAIA;01/09/2025 00:00:00 - 30/09/2025 23:59:59;TFP-8H93;TFP-8H93;03/09/2025 12:08:28 - 03/09/2025 12:08:28;Ligado;00:00:00;00:00:00;00:00:00; - ;0.00;Palmeiras de Goias -  GO -  Brasil;Palmeiras de Goias -  GO -  Brasil;$ 0,00;$ 0,00; - ;""
JANDAIA;01/09/2025 00:00:00 - 30/09/2025 23:59:59;TFP-8H93;TFP-8H93;03/09/2025 12:08:28 - 03/09/2025 12:08:43;Desligado; - ; - ; - ;00:00:15; - ;Palmeiras de Goias, GO, Brasil; - ; - ; - ; - ; - 
JANDAIA;01/09/2025 00:00:00 - 30/09/2025 23:59:59;TFP-8H93;TFP-8H93;03/09/2025 12:08:43 - 03/09/2025 13:05:37;Ligado;00:56:54;00:54:28;00:02:26; - ;35.79;Palmeiras de Goias -  GO -  Brasil;Avenida Galdino A. de Sousa -  384 -  Jandaia - GO -  75950-000 -  Brasil;$ 0,00;$ 0,00; - ;""
JANDAIA;01/09/2025 00:00:00 - 30/09/2025 23:59:59;TFP-8H93;TFP-8H93;03/09/2025 13:05:37 - 03/09/2025 13:05:54;Desligado; - ; - ; - ;00:00:17; - ;Avenida Galdino A. de Sousa, 384, Jandaia - GO, 75950-000, Brasil; - ; - ; - ; - ; - 
JANDAIA;01/09/2025 00:00:00 - 30/09/2025 23:59:59;TFP-8H93;TFP-8H93;03/09/2025 13:05:54 - 03/09/2025 13:06:20;Ligado;00:00:26;00:00:00;00:00:26; - ;0.00;Avenida Galdino A. de Sousa -  384 -  Jandaia - GO -  75950-000 -  Brasil;Avenida Galdino A. de Sousa -  384 -  Jandaia - GO -  75950-000 -  Brasil;$ 0,00;$ 0,00; - ;""
JANDAIA;01/09/2025 00:00:00 - 30/09/2025 23:59:59;TFP-8H93;TFP-8H93;03/09/2025 13:06:20 - 03/09/2025 16:35:04;Desligado; - ; - ; - ;03:28:44; - ;Avenida Galdino A. de Sousa, 384, Jandaia - GO, 75950-000, Brasil; - ; - ; - ; - ; - 
JANDAIA;01/09/2025 00:00:00 - 30/09/2025 23:59:59;TFP-8H93;TFP-8H93;03/09/2025 16:35:04 - 03/09/2025 16:46:19;Ligado;00:11:15;00:07:03;00:04:12; - ;2.31;Avenida Galdino A. de Sousa -  221 -  Jandaia - GO -  75950-000 -  Brasil;Jandaia -  GO -  Brasil;$ 0,00;$ 0,00; - ;""
JANDAIA;01/09/2025 00:00:00 - 30/09/2025 23:59:59;TFP-8H93;TFP-8H93;03/09/2025 16:46:19 - 03/09/2025 17:11:31;Desligado; - ; - ; - ;00:25:12; - ;Jandaia, GO, Brasil; - ; - ; - ; - ; - 
JANDAIA;01/09/2025 00:00:00 - 30/09/2025 23:59:59;TFP-8H93;TFP-8H93;03/09/2025 17:11:31 - 03/09/2025 18:25:09;Ligado;01:13:38;01:12:22;00:01:16; - ;41.08;Rua Dois -  Jandaia - GO -  75950-000 -  Brasil;Avenida Galdino A. de Sousa -  374 -  Jandaia - GO -  75950-000 -  Brasil;$ 0,00;$ 0,00; - ;""
JANDAIA;01/09/2025 00:00:00 - 30/09/2025 23:59:59;TFP-8H93;TFP-8H93;03/09/2025 18:25:09 - 04/09/2025 04:51:56;Desligado; - ; - ; - ;10:26:47; - ;Avenida Galdino A. de Sousa, 374, Jandaia - GO, 75950-000, Brasil; - ; - ; - ; - ; - 
JANDAIA;01/09/2025 00:00:00 - 30/09/2025 23:59:59;TFP-8H93;TFP-8H93;04/09/2025 04:51:56 - 04/09/2025 05:26:34;Ligado;00:34:38;00:32:17;00:02:21; - ;16.56;Avenida Galdino A. de Sousa -  374 -  Jandaia - GO -  75950-000 -  Brasil;Jandaia -  GO -  Brasil;$ 0,00;$ 0,00; - ;""
JANDAIA;01/09/2025 00:00:00 - 30/09/2025 23:59:59;TFP-8H93;TFP-8H93;04/09/2025 05:26:34 - 04/09/2025 05:29:30;Desligado; - ; - ; - ;00:02:56; - ;Jandaia, GO, Brasil; - ; - ; - ; - ; - 
JANDAIA;01/09/2025 00:00:00 - 30/09/2025 23:59:59;TFP-8H93;TFP-8H93;04/09/2025 05:29:30 - 04/09/2025 06:58:35;Ligado;01:29:05;01:24:24;00:04:41; - ;42.58;Jandaia -  GO -  Brasil;Avenida Galdino A. de Sousa -  384 -  Jandaia - GO -  75950-000 -  Brasil;$ 0,00;$ 0,00; - ;""
JANDAIA;01/09/2025 00:00:00 - 30/09/2025 23:59:59;TFP-8H93;TFP-8H93;04/09/2025 06:58:35 - 04/09/2025 06:59:24;Desligado; - ; - ; - ;00:00:49; - ;Avenida Galdino A. de Sousa, 384, Jandaia - GO, 75950-000, Brasil; - ; - ; - ; - ; - 
JANDAIA;01/09/2025 00:00:00 - 30/09/2025 23:59:59;TFP-8H93;TFP-8H93;04/09/2025 06:59:24 - 04/09/2025 06:59:32;Ligado;00:00:08;00:00:00;00:00:08; - ;0.00;Avenida Galdino A. de Sousa -  384 -  Jandaia - GO -  75950-000 -  Brasil;Avenida Galdino A. de Sousa -  384 -  Jandaia - GO -  75950-000 -  Brasil;$ 0,00;$ 0,00; - ;""
JANDAIA;01/09/2025 00:00:00 - 30/09/2025 23:59:59;TFP-8H93;TFP-8H93;04/09/2025 06:59:32 - 04/09/2025 10:47:24;Desligado; - ; - ; - ;03:47:52; - ;Avenida Galdino A. de Sousa, 384, Jandaia - GO, 75950-000, Brasil; - ; - ; - ; - ; - 
JANDAIA;01/09/2025 00:00:00 - 30/09/2025 23:59:59;TFP-8H93;TFP-8H93;04/09/2025 10:47:24 - 04/09/2025 10:53:27;Ligado;00:06:03;00:03:58;00:02:05; - ;1.28;Avenida Galdino A. de Sousa -  384 -  Jandaia - GO -  75950-000 -  Brasil;Rua F-Dois -  94 -  Jandaia - GO -  75950-000 -  Brasil;$ 0,00;$ 0,00; - ;""
JANDAIA;01/09/2025 00:00:00 - 30/09/2025 23:59:59;TFP-8H93;TFP-8H93;04/09/2025 10:53:27 - 04/09/2025 10:56:22;Desligado; - ; - ; - ;00:02:55; - ;Rua F-Dois, 94, Jandaia - GO, 75950-000, Brasil; - ; - ; - ; - ; - 
JANDAIA;01/09/2025 00:00:00 - 30/09/2025 23:59:59;TFP-8H93;TFP-8H93;04/09/2025 10:56:22 - 04/09/2025 11:05:10;Ligado;00:08:48;00:03:24;00:05:24; - ;1.03;Rua F-Dois -  94 -  Jandaia - GO -  75950-000 -  Brasil;Rua Tres -  Jandaia - GO -  75950-000 -  Brasil;$ 0,00;$ 0,00; - ;""
JANDAIA;01/09/2025 00:00:00 - 30/09/2025 23:59:59;TFP-8H93;TFP-8H93;04/09/2025 11:05:10 - 04/09/2025 11:11:47;Desligado; - ; - ; - ;00:06:37; - ;Rua Tres, Jandaia - GO, 75950-000, Brasil; - ; - ; - ; - ; - 
JANDAIA;01/09/2025 00:00:00 - 30/09/2025 23:59:59;TFP-8H93;TFP-8H93;04/09/2025 11:11:47 - 04/09/2025 11:15:53;Ligado;00:04:06;00:03:46;00:00:20; - ;1.71;Rua Dois -  Jandaia - GO -  75950-000 -  Brasil;Avenida Eliziario Luiz da Costa -  131 -  Jandaia - GO -  75950-000 -  Brasil;$ 0,00;$ 0,00; - ;""
JANDAIA;01/09/2025 00:00:00 - 30/09/2025 23:59:59;TFP-8H93;TFP-8H93;04/09/2025 11:15:53 - 04/09/2025 11:20:40;Desligado; - ; - ; - ;00:04:47; - ;Avenida Eliziario Luiz da Costa, 131, Jandaia - GO, 75950-000, Brasil; - ; - ; - ; - ; - 
JANDAIA;01/09/2025 00:00:00 - 30/09/2025 23:59:59;TFP-8H93;TFP-8H93;04/09/2025 11:20:40 - 04/09/2025 13:04:34;Ligado;01:43:54;01:39:37;00:04:17; - ;66.16;Avenida Eliziario Luiz da Costa -  131 -  Jandaia - GO -  75950-000 -  Brasil;Avenida Galdino A. de Sousa -  384 -  Jandaia - GO -  75950-000 -  Brasil;$ 0,00;$ 0,00; - ;""
JANDAIA;01/09/2025 00:00:00 - 30/09/2025 23:59:59;TFP-8H93;TFP-8H93;04/09/2025 13:04:34 - 04/09/2025 16:39:30;Desligado; - ; - ; - ;03:34:56; - ;Avenida Galdino A. de Sousa, 384, Jandaia - GO, 75950-000, Brasil; - ; - ; - ; - ; - 
JANDAIA;01/09/2025 00:00:00 - 30/09/2025 23:59:59;TFP-8H93;TFP-8H93;04/09/2025 16:39:30 - 04/09/2025 16:44:47;Ligado;00:05:17;00:04:28;00:00:49; - ;1.28;Avenida Galdino A. de Sousa -  221 -  Jandaia - GO -  75950-000 -  Brasil;Rua F-Dois -  94 -  Jandaia - GO -  75950-000 -  Brasil;$ 0,00;$ 0,00; - ;""
JANDAIA;01/09/2025 00:00:00 - 30/09/2025 23:59:59;TFP-8H93;TFP-8H93;04/09/2025 16:44:47 - 04/09/2025 16:50:45;Desligado; - ; - ; - ;00:05:58; - ;Rua F-Dois, 94, Jandaia - GO, 75950-000, Brasil; - ; - ; - ; - ; - 
JANDAIA;01/09/2025 00:00:00 - 30/09/2025 23:59:59;TFP-8H93;TFP-8H93;04/09/2025 16:50:45 - 04/09/2025 16:53:38;Ligado;00:02:53;00:02:19;00:00:34; - ;0.91;Rua F-Um -  57 -  Jandaia - GO -  75950-000 -  Brasil;Jandaia -  GO -  Brasil;$ 0,00;$ 0,00; - ;""
JANDAIA;01/09/2025 00:00:00 - 30/09/2025 23:59:59;TFP-8H93;TFP-8H93;04/09/2025 16:53:38 - 04/09/2025 17:12:08;Desligado; - ; - ; - ;00:18:30; - ;Jandaia, GO, Brasil; - ; - ; - ; - ; - 
JANDAIA;01/09/2025 00:00:00 - 30/09/2025 23:59:59;TFP-8H93;TFP-8H93;04/09/2025 17:12:08 - 04/09/2025 17:18:06;Ligado;00:05:58;00:05:29;00:00:29; - ;1.85;Rua Dois -  Jandaia - GO -  75950-000 -  Brasil;Avenida Eliziario Luiz da Costa -  143 -  Jandaia - GO -  75950-000 -  Brasil;$ 0,00;$ 0,00; - ;""
JANDAIA;01/09/2025 00:00:00 - 30/09/2025 23:59:59;TFP-8H93;TFP-8H93;04/09/2025 17:18:06 - 04/09/2025 17:21:37;Desligado; - ; - ; - ;00:03:31; - ;Avenida Eliziario Luiz da Costa, 143, Jandaia - GO, 75950-000, Brasil; - ; - ; - ; - ; - 
JANDAIA;01/09/2025 00:00:00 - 30/09/2025 23:59:59;TFP-8H93;TFP-8H93;04/09/2025 17:21:37 - 04/09/2025 18:29:48;Ligado;01:08:11;01:06:37;00:01:34; - ;41.38;Avenida Eliziario Luiz da Costa -  143 -  Jandaia - GO -  75950-000 -  Brasil;Avenida Galdino A. de Sousa -  384 -  Jandaia - GO -  75950-000 -  Brasil;$ 0,00;$ 0,00; - ;""
JANDAIA;01/09/2025 00:00:00 - 30/09/2025 23:59:59;TFP-8H93;TFP-8H93;04/09/2025 18:29:48 - 04/09/2025 18:30:16;Desligado; - ; - ; - ;00:00:28; - ;Avenida Galdino A. de Sousa, 384, Jandaia - GO, 75950-000, Brasil; - ; - ; - ; - ; - 
JANDAIA;01/09/2025 00:00:00 - 30/09/2025 23:59:59;TFP-8H93;TFP-8H93;04/09/2025 18:30:16 - 04/09/2025 18:32:23;Ligado;00:02:07;00:00:00;00:02:07; - ;0.00;Avenida Galdino A. de Sousa -  384 -  Jandaia - GO -  75950-000 -  Brasil;Avenida Galdino A. de Sousa -  384 -  Jandaia - GO -  75950-000 -  Brasil;$ 0,00;$ 0,00; - ;""
JANDAIA;01/09/2025 00:00:00 - 30/09/2025 23:59:59;TFP-8H93;TFP-8H93;04/09/2025 18:32:23 - 05/09/2025 04:51:27;Desligado; - ; - ; - ;10:19:04; - ;Avenida Galdino A. de Sousa, 384, Jandaia - GO, 75950-000, Brasil; - ; - ; - ; - ; - 
JANDAIA;01/09/2025 00:00:00 - 30/09/2025 23:59:59;TFP-8H93;TFP-8H93;05/09/2025 04:51:27 - 05/09/2025 05:25:21;Ligado;00:33:54;00:31:23;00:02:31; - ;16.54;Avenida Galdino A. de Sousa -  374 -  Jandaia - GO -  75950-000 -  Brasil;Jandaia -  GO -  Brasil;$ 0,00;$ 0,00; - ;""
JANDAIA;01/09/2025 00:00:00 - 30/09/2025 23:59:59;TFP-8H93;TFP-8H93;05/09/2025 05:25:21 - 05/09/2025 05:28:44;Desligado; - ; - ; - ;00:03:23; - ;Jandaia, GO, Brasil; - ; - ; - ; - ; - 
JANDAIA;01/09/2025 00:00:00 - 30/09/2025 23:59:59;TFP-8H93;TFP-8H93;05/09/2025 05:28:44 - 05/09/2025 06:58:07;Ligado;01:29:23;01:25:18;00:04:05; - ;42.94;Jandaia -  GO -  Brasil;Avenida Galdino A. de Sousa -  384 -  Jandaia - GO -  75950-000 -  Brasil;$ 0,00;$ 0,00; - ;""
JANDAIA;01/09/2025 00:00:00 - 30/09/2025 23:59:59;TFP-8H93;TFP-8H93;05/09/2025 06:58:07 - 05/09/2025 10:45:43;Desligado; - ; - ; - ;03:47:36; - ;Avenida Galdino A. de Sousa, 384, Jandaia - GO, 75950-000, Brasil; - ; - ; - ; - ; - 
JANDAIA;01/09/2025 00:00:00 - 30/09/2025 23:59:59;TFP-8H93;TFP-8H93;05/09/2025 10:45:43 - 05/09/2025 10:59:06;Ligado;00:13:23;00:07:30;00:05:53; - ;2.34;Avenida Galdino A. de Sousa -  221 -  Jandaia - GO -  75950-000 -  Brasil;Rua Tres -  Jandaia - GO -  75950-000 -  Brasil;$ 0,00;$ 0,00; - ;""
JANDAIA;01/09/2025 00:00:00 - 30/09/2025 23:59:59;TFP-8H93;TFP-8H93;05/09/2025 10:59:06 - 05/09/2025 11:10:20;Desligado; - ; - ; - ;00:11:14; - ;Rua Tres, Jandaia - GO, 75950-000, Brasil; - ; - ; - ; - ; - 
JANDAIA;01/09/2025 00:00:00 - 30/09/2025 23:59:59;TFP-8H93;TFP-8H93;05/09/2025 11:10:20 - 05/09/2025 11:14:55;Ligado;00:04:35;00:04:18;00:00:17; - ;1.80;Rua Tres -  Jandaia - GO -  75950-000 -  Brasil;Avenida Eliziario Luiz da Costa -  133 -  Jandaia - GO -  75950-000 -  Brasil;$ 0,00;$ 0,00; - ;""
JANDAIA;01/09/2025 00:00:00 - 30/09/2025 23:59:59;TFP-8H93;TFP-8H93;05/09/2025 11:14:55 - 05/09/2025 11:21:15;Desligado; - ; - ; - ;00:06:20; - ;Avenida Eliziario Luiz da Costa, 133, Jandaia - GO, 75950-000, Brasil; - ; - ; - ; - ; - 
JANDAIA;01/09/2025 00:00:00 - 30/09/2025 23:59:59;TFP-8H93;TFP-8H93;05/09/2025 11:21:15 - 05/09/2025 11:56:29;Ligado;00:35:14;00:32:39;00:02:35; - ;23.63;Avenida Eliziario Luiz da Costa -  133 -  Jandaia - GO -  75950-000 -  Brasil;Palmeiras de Goias -  GO -  Brasil;$ 0,00;$ 0,00; - ;""
JANDAIA;01/09/2025 00:00:00 - 30/09/2025 23:59:59;TFP-8H93;TFP-8H93;05/09/2025 11:56:29 - 05/09/2025 11:56:42;Desligado; - ; - ; - ;00:00:13; - ;Palmeiras de Goias, GO, Brasil; - ; - ; - ; - ; - 
JANDAIA;01/09/2025 00:00:00 - 30/09/2025 23:59:59;TFP-8H93;TFP-8H93;05/09/2025 11:56:42 - 05/09/2025 13:12:32;Ligado;01:15:50;01:12:45;00:03:05; - ;45.68;Palmeiras de Goias -  GO -  Brasil;Avenida Galdino A. de Sousa -  384 -  Jandaia - GO -  75950-000 -  Brasil;$ 0,00;$ 0,00; - ;""
JANDAIA;01/09/2025 00:00:00 - 30/09/2025 23:59:59;TFP-8H93;TFP-8H93;05/09/2025 13:12:32 - 05/09/2025 16:43:43;Desligado; - ; - ; - ;03:31:11; - ;Avenida Galdino A. de Sousa, 384, Jandaia - GO, 75950-000, Brasil; - ; - ; - ; - ; - 
JANDAIA;01/09/2025 00:00:00 - 30/09/2025 23:59:59;TFP-8H93;TFP-8H93;05/09/2025 16:43:43 - 05/09/2025 16:47:40;Ligado;00:03:57;00:03:33;00:00:24; - ;1.28;Avenida Galdino A. de Sousa -  362 -  Jandaia - GO -  75950-000 -  Brasil;Rua F-Dois -  88 -  Jandaia - GO -  75950-000 -  Brasil;$ 0,00;$ 0,00; - ;""
JANDAIA;01/09/2025 00:00:00 - 30/09/2025 23:59:59;TFP-8H93;TFP-8H93;05/09/2025 16:47:40 - 05/09/2025 16:51:07;Desligado; - ; - ; - ;00:03:27; - ;Rua F-Dois, 88, Jandaia - GO, 75950-000, Brasil; - ; - ; - ; - ; - 
JANDAIA;01/09/2025 00:00:00 - 30/09/2025 23:59:59;TFP-8H93;TFP-8H93;05/09/2025 16:51:07 - 05/09/2025 16:54:18;Ligado;00:03:11;00:02:51;00:00:20; - ;1.07;Rua F-Dois -  88 -  Jandaia - GO -  75950-000 -  Brasil;Jandaia -  GO -  Brasil;$ 0,00;$ 0,00; - ;""
JANDAIA;01/09/2025 00:00:00 - 30/09/2025 23:59:59;TFP-8H93;TFP-8H93;05/09/2025 16:54:18 - 05/09/2025 17:13:12;Desligado; - ; - ; - ;00:18:54; - ;Jandaia, GO, Brasil; - ; - ; - ; - ; - 
JANDAIA;01/09/2025 00:00:00 - 30/09/2025 23:59:59;TFP-8H93;TFP-8H93;05/09/2025 17:13:12 - 05/09/2025 17:19:03;Ligado;00:05:51;00:05:42;00:00:09; - ;1.97;Jandaia -  GO -  Brasil;Avenida Eliziario Luiz da Costa -  143 -  Jandaia - GO -  75950-000 -  Brasil;$ 0,00;$ 0,00; - ;""
JANDAIA;01/09/2025 00:00:00 - 30/09/2025 23:59:59;TFP-8H93;TFP-8H93;05/09/2025 17:19:03 - 05/09/2025 17:22:07;Desligado; - ; - ; - ;00:03:04; - ;Avenida Eliziario Luiz da Costa, 143, Jandaia - GO, 75950-000, Brasil; - ; - ; - ; - ; - 
JANDAIA;01/09/2025 00:00:00 - 30/09/2025 23:59:59;TFP-8H93;TFP-8H93;05/09/2025 17:22:07 - 05/09/2025 18:17:29;Ligado;00:55:22;00:51:57;00:03:25; - ;34.88;Avenida Eliziario Luiz da Costa -  143 -  Jandaia - GO -  75950-000 -  Brasil;GO-320 -  Jandaia - GO -  75950-000 -  Brasil;$ 0,00;$ 0,00; - ;""
JANDAIA;01/09/2025 00:00:00 - 30/09/2025 23:59:59;TFP-8H93;TFP-8H93;05/09/2025 18:17:29 - 05/09/2025 18:39:45;Desligado; - ; - ; - ;00:22:16; - ;GO-320, Jandaia - GO, 75950-000, Brasil; - ; - ; - ; - ; - 
JANDAIA;01/09/2025 00:00:00 - 30/09/2025 23:59:59;TFP-8H93;TFP-8H93;05/09/2025 18:39:45 - 05/09/2025 18:43:32;Ligado;00:03:47;00:02:25;00:01:22; - ;0.73;GO-320 -  Jandaia - GO -  75950-000 -  Brasil;Avenida Galdino A. de Sousa -  398 -  Jandaia - GO -  75950-000 -  Brasil;$ 0,00;$ 0,00; - ;""
JANDAIA;01/09/2025 00:00:00 - 30/09/2025 23:59:59;TFP-8H93;TFP-8H93;05/09/2025 18:43:32 - 06/09/2025 08:51:50;Desligado; - ; - ; - ;14:08:18; - ;Avenida Galdino A. de Sousa, 398, Jandaia - GO, 75950-000, Brasil; - ; - ; - ; - ; - 
JANDAIA;01/09/2025 00:00:00 - 30/09/2025 23:59:59;TFP-8H93;TFP-8H93;06/09/2025 08:51:50 - 06/09/2025 08:57:50;Ligado;00:06:00;00:01:09;00:04:51; - ;0.36;Avenida Galdino A. de Sousa -  398 -  Jandaia - GO -  75950-000 -  Brasil;Rua Libertino M. Mesquita -  357 -  Jandaia - GO -  75950-000 -  Brasil;$ 0,00;$ 0,00; - ;""
JANDAIA;01/09/2025 00:00:00 - 30/09/2025 23:59:59;TFP-8H93;TFP-8H93;06/09/2025 08:57:50 - 06/09/2025 09:03:45;Desligado; - ; - ; - ;00:05:55; - ;Rua Libertino M. Mesquita, 357, Jandaia - GO, 75950-000, Brasil; - ; - ; - ; - ; - 
JANDAIA;01/09/2025 00:00:00 - 30/09/2025 23:59:59;TFP-8H93;TFP-8H93;06/09/2025 09:03:45 - 06/09/2025 09:04:11;Ligado;00:00:26;00:00:00;00:00:26; - ;0.00;Rua Libertino M. Mesquita -  357 -  Jandaia - GO -  75950-000 -  Brasil;Rua Libertino M. Mesquita -  357 -  Jandaia - GO -  75950-000 -  Brasil;$ 0,00;$ 0,00; - ;""
JANDAIA;01/09/2025 00:00:00 - 30/09/2025 23:59:59;TFP-8H93;TFP-8H93;06/09/2025 09:04:11 - 06/09/2025 09:06:07;Desligado; - ; - ; - ;00:01:56; - ;Rua Libertino M. Mesquita, 357, Jandaia - GO, 75950-000, Brasil; - ; - ; - ; - ; - 
JANDAIA;01/09/2025 00:00:00 - 30/09/2025 23:59:59;TFP-8H93;TFP-8H93;06/09/2025 09:06:07 - 06/09/2025 09:16:34;Ligado;00:10:27;00:03:53;00:06:34; - ;1.16;Rua Libertino M. Mesquita -  357 -  Jandaia - GO -  75950-000 -  Brasil;Avenida Galdino A. de Sousa -  398 -  Jandaia - GO -  75950-000 -  Brasil;$ 0,00;$ 0,00; - ;""
JANDAIA;01/09/2025 00:00:00 - 30/09/2025 23:59:59;TFP-8H93;TFP-8H93;06/09/2025 09:16:34 - 08/09/2025 04:52:07;Desligado; - ; - ; - ;43:35:33; - ;Avenida Galdino A. de Sousa, 398, Jandaia - GO, 75950-000, Brasil; - ; - ; - ; - ; - 
JANDAIA;01/09/2025 00:00:00 - 30/09/2025 23:59:59;TFP-8H93;TFP-8H93;08/09/2025 04:52:07 - 08/09/2025 05:23:45;Ligado;00:31:38;00:30:17;00:01:21; - ;16.49;Avenida Galdino A. de Sousa -  398 -  Jandaia - GO -  75950-000 -  Brasil;Jandaia -  GO -  Brasil;$ 0,00;$ 0,00; - ;""
JANDAIA;01/09/2025 00:00:00 - 30/09/2025 23:59:59;TFP-8H93;TFP-8H93;08/09/2025 05:23:45 - 08/09/2025 05:27:44;Desligado; - ; - ; - ;00:03:59; - ;Jandaia, GO, Brasil; - ; - ; - ; - ; - 
JANDAIA;01/09/2025 00:00:00 - 30/09/2025 23:59:59;TFP-8H93;TFP-8H93;08/09/2025 05:27:44 - 08/09/2025 06:58:00;Ligado;01:30:16;01:25:20;00:04:56; - ;43.34;Jandaia -  GO -  Brasil;Avenida Galdino A. de Sousa -  384 -  Jandaia - GO -  75950-000 -  Brasil;$ 0,00;$ 0,00; - ;""
JANDAIA;01/09/2025 00:00:00 - 30/09/2025 23:59:59;TFP-8H93;TFP-8H93;08/09/2025 06:58:00 - 08/09/2025 10:44:30;Desligado; - ; - ; - ;03:46:30; - ;Avenida Galdino A. de Sousa, 384, Jandaia - GO, 75950-000, Brasil; - ; - ; - ; - ; - 
JANDAIA;01/09/2025 00:00:00 - 30/09/2025 23:59:59;TFP-8H93;TFP-8H93;08/09/2025 10:44:30 - 08/09/2025 10:49:45;Ligado;00:05:15;00:04:53;00:00:22; - ;1.30;Avenida Galdino A. de Sousa -  374 -  Jandaia - GO -  75950-000 -  Brasil;Rua F-Dois -  94 -  Jandaia - GO -  75950-000 -  Brasil;$ 0,00;$ 0,00; - ;""
JANDAIA;01/09/2025 00:00:00 - 30/09/2025 23:59:59;TFP-8H93;TFP-8H93;08/09/2025 10:49:45 - 08/09/2025 10:53:26;Desligado; - ; - ; - ;00:03:41; - ;Rua F-Dois, 94, Jandaia - GO, 75950-000, Brasil; - ; - ; - ; - ; - 
JANDAIA;01/09/2025 00:00:00 - 30/09/2025 23:59:59;TFP-8H93;TFP-8H93;08/09/2025 10:53:26 - 08/09/2025 10:57:36;Ligado;00:04:10;00:03:32;00:00:38; - ;1.04;Rua F-Dois -  94 -  Jandaia - GO -  75950-000 -  Brasil;Rua Tres -  Jandaia - GO -  75950-000 -  Brasil;$ 0,00;$ 0,00; - ;""
JANDAIA;01/09/2025 00:00:00 - 30/09/2025 23:59:59;TFP-8H93;TFP-8H93;08/09/2025 10:57:36 - 08/09/2025 11:10:06;Desligado; - ; - ; - ;00:12:30; - ;Rua Tres, Jandaia - GO, 75950-000, Brasil; - ; - ; - ; - ; - 
JANDAIA;01/09/2025 00:00:00 - 30/09/2025 23:59:59;TFP-8H93;TFP-8H93;08/09/2025 11:10:06 - 08/09/2025 11:15:35;Ligado;00:05:29;00:04:40;00:00:49; - ;1.80;Rua Tres -  Jandaia - GO -  75950-000 -  Brasil;Avenida Eliziario Luiz da Costa -  131 -  Jandaia - GO -  75950-000 -  Brasil;$ 0,00;$ 0,00; - ;""
JANDAIA;01/09/2025 00:00:00 - 30/09/2025 23:59:59;TFP-8H93;TFP-8H93;08/09/2025 11:15:35 - 08/09/2025 11:21:04;Desligado; - ; - ; - ;00:05:29; - ;Avenida Eliziario Luiz da Costa, 131, Jandaia - GO, 75950-000, Brasil; - ; - ; - ; - ; - 
JANDAIA;01/09/2025 00:00:00 - 30/09/2025 23:59:59;TFP-8H93;TFP-8H93;08/09/2025 11:21:04 - 08/09/2025 11:28:01;Ligado;00:06:57;00:06:19;00:00:38; - ;3.71;Avenida Eliziario Luiz da Costa -  131 -  Jandaia - GO -  75950-000 -  Brasil;Jandaia -  GO -  Brasil;$ 0,00;$ 0,00; - ;""
JANDAIA;01/09/2025 00:00:00 - 30/09/2025 23:59:59;TFP-8H93;TFP-8H93;08/09/2025 11:28:01 - 08/09/2025 11:28:02;Desligado; - ; - ; - ;00:00:01; - ;Jandaia, GO, Brasil; - ; - ; - ; - ; - 
JANDAIA;01/09/2025 00:00:00 - 30/09/2025 23:59:59;TFP-8H93;TFP-8H93;08/09/2025 11:28:02 - 08/09/2025 13:04:32;Ligado;01:36:30;01:36:06;00:00:24; - ;63.49;Jandaia -  GO -  Brasil;Avenida Galdino A. de Sousa -  384 -  Jandaia - GO -  75950-000 -  Brasil;$ 0,00;$ 0,00; - ;""
JANDAIA;01/09/2025 00:00:00 - 30/09/2025 23:59:59;TFP-8H93;TFP-8H93;08/09/2025 13:04:32 - 08/09/2025 13:34:36;Desligado; - ; - ; - ;00:30:04; - ;Avenida Galdino A. de Sousa, 384, Jandaia - GO, 75950-000, Brasil; - ; - ; - ; - ; - 
JANDAIA;01/09/2025 00:00:00 - 30/09/2025 23:59:59;TFP-8H93;TFP-8H93;08/09/2025 13:34:36 - 08/09/2025 14:05:32;Ligado;00:30:56;00:00:00;00:30:56; - ;0.00;Avenida Galdino A. de Sousa -  384 -  Jandaia - GO -  75950-000 -  Brasil;Avenida Galdino A. de Sousa -  384 -  Jandaia - GO -  75950-000 -  Brasil;$ 0,00;$ 0,00; - ;""
JANDAIA;01/09/2025 00:00:00 - 30/09/2025 23:59:59;TFP-8H93;TFP-8H93;08/09/2025 14:05:32 - 08/09/2025 16:42:42;Desligado; - ; - ; - ;02:37:10; - ;Avenida Galdino A. de Sousa, 384, Jandaia - GO, 75950-000, Brasil; - ; - ; - ; - ; - 
JANDAIA;01/09/2025 00:00:00 - 30/09/2025 23:59:59;TFP-8H93;TFP-8H93;08/09/2025 16:42:42 - 08/09/2025 16:49:23;Ligado;00:06:41;00:05:53;00:00:48; - ;1.97;Avenida Galdino A. de Sousa -  384 -  Jandaia - GO -  75950-000 -  Brasil;Rua Tres -  Jandaia - GO -  75950-000 -  Brasil;$ 0,00;$ 0,00; - ;""
JANDAIA;01/09/2025 00:00:00 - 30/09/2025 23:59:59;TFP-8H93;TFP-8H93;08/09/2025 16:49:23 - 08/09/2025 17:10:49;Desligado; - ; - ; - ;00:21:26; - ;Rua Tres, Jandaia - GO, 75950-000, Brasil; - ; - ; - ; - ; - 
JANDAIA;01/09/2025 00:00:00 - 30/09/2025 23:59:59;TFP-8H93;TFP-8H93;08/09/2025 17:10:49 - 08/09/2025 17:16:57;Ligado;00:06:08;00:05:53;00:00:15; - ;1.94;Rua Tres -  Jandaia - GO -  75950-000 -  Brasil;Rua Jose Faria Campos -  56 -  Jandaia - GO -  75950-000 -  Brasil;$ 0,00;$ 0,00; - ;""
JANDAIA;01/09/2025 00:00:00 - 30/09/2025 23:59:59;TFP-8H93;TFP-8H93;08/09/2025 17:16:57 - 08/09/2025 17:21:59;Desligado; - ; - ; - ;00:05:02; - ;Rua Jose Faria Campos, 56, Jandaia - GO, 75950-000, Brasil; - ; - ; - ; - ; - 
JANDAIA;01/09/2025 00:00:00 - 30/09/2025 23:59:59;TFP-8H93;TFP-8H93;08/09/2025 17:21:59 - 08/09/2025 18:32:56;Ligado;01:10:57;01:08:34;00:02:23; - ;41.52;Rua Jose Faria Campos -  56 -  Jandaia - GO -  75950-000 -  Brasil;Avenida Galdino A. de Sousa -  384 -  Jandaia - GO -  75950-000 -  Brasil;$ 0,00;$ 0,00; - ;""
JANDAIA;01/09/2025 00:00:00 - 30/09/2025 23:59:59;TFP-8H93;TFP-8H93;08/09/2025 18:32:56 - 09/09/2025 04:50:02;Desligado; - ; - ; - ;10:17:06; - ;Avenida Galdino A. de Sousa, 384, Jandaia - GO, 75950-000, Brasil; - ; - ; - ; - ; - 
JANDAIA;01/09/2025 00:00:00 - 30/09/2025 23:59:59;TFP-8H93;TFP-8H93;09/09/2025 04:50:02 - 09/09/2025 05:21:47;Ligado;00:31:45;00:30:25;00:01:20; - ;16.54;Avenida Galdino A. de Sousa -  384 -  Jandaia - GO -  75950-000 -  Brasil;Jandaia -  GO -  Brasil;$ 0,00;$ 0,00; - ;""
JANDAIA;01/09/2025 00:00:00 - 30/09/2025 23:59:59;TFP-8H93;TFP-8H93;09/09/2025 05:21:47 - 09/09/2025 05:28:20;Desligado; - ; - ; - ;00:06:33; - ;Jandaia, GO, Brasil; - ; - ; - ; - ; - 
JANDAIA;01/09/2025 00:00:00 - 30/09/2025 23:59:59;TFP-8H93;TFP-8H93;09/09/2025 05:28:20 - 09/09/2025 06:59:07;Ligado;01:30:47;01:25:16;00:05:31; - ;43.45;Jandaia -  GO -  Brasil;Avenida Galdino A. de Sousa -  384 -  Jandaia - GO -  75950-000 -  Brasil;$ 0,00;$ 0,00; - ;""
JANDAIA;01/09/2025 00:00:00 - 30/09/2025 23:59:59;TFP-8H93;TFP-8H93;09/09/2025 06:59:07 - 09/09/2025 10:43:27;Desligado; - ; - ; - ;03:44:20; - ;Avenida Galdino A. de Sousa, 384, Jandaia - GO, 75950-000, Brasil; - ; - ; - ; - ; - 
JANDAIA;01/09/2025 00:00:00 - 30/09/2025 23:59:59;TFP-8H93;TFP-8H93;09/09/2025 10:43:27 - 09/09/2025 10:54:14;Ligado;00:10:47;00:07:37;00:03:10; - ;2.33;Avenida Galdino A. de Sousa -  384 -  Jandaia - GO -  75950-000 -  Brasil;Rua Tres -  Jandaia - GO -  75950-000 -  Brasil;$ 0,00;$ 0,00; - ;""
JANDAIA;01/09/2025 00:00:00 - 30/09/2025 23:59:59;TFP-8H93;TFP-8H93;09/09/2025 10:54:14 - 09/09/2025 11:09:52;Desligado; - ; - ; - ;00:15:38; - ;Rua Tres, Jandaia - GO, 75950-000, Brasil; - ; - ; - ; - ; - 
JANDAIA;01/09/2025 00:00:00 - 30/09/2025 23:59:59;TFP-8H93;TFP-8H93;09/09/2025 11:09:52 - 09/09/2025 11:14:52;Ligado;00:05:00;00:04:30;00:00:30; - ;1.70;Rua Tres -  Jandaia - GO -  75950-000 -  Brasil;Avenida Eliziario Luiz da Costa -  131 -  Jandaia - GO -  75950-000 -  Brasil;$ 0,00;$ 0,00; - ;""
JANDAIA;01/09/2025 00:00:00 - 30/09/2025 23:59:59;TFP-8H93;TFP-8H93;09/09/2025 11:14:52 - 09/09/2025 11:20:48;Desligado; - ; - ; - ;00:05:56; - ;Avenida Eliziario Luiz da Costa, 131, Jandaia - GO, 75950-000, Brasil; - ; - ; - ; - ; - 
JANDAIA;01/09/2025 00:00:00 - 30/09/2025 23:59:59;TFP-8H93;TFP-8H93;09/09/2025 11:20:48 - 09/09/2025 13:06:33;Ligado;01:45:45;01:38:59;00:06:46; - ;69.06;Avenida Eliziario Luiz da Costa -  131 -  Jandaia - GO -  75950-000 -  Brasil;Avenida Galdino A. de Sousa -  384 -  Jandaia - GO -  75950-000 -  Brasil;$ 0,00;$ 0,00; - ;""
JANDAIA;01/09/2025 00:00:00 - 30/09/2025 23:59:59;TFP-8H93;TFP-8H93;09/09/2025 13:06:33 - 09/09/2025 16:43:12;Desligado; - ; - ; - ;03:36:39; - ;Avenida Galdino A. de Sousa, 384, Jandaia - GO, 75950-000, Brasil; - ; - ; - ; - ; - 
JANDAIA;01/09/2025 00:00:00 - 30/09/2025 23:59:59;TFP-8H93;TFP-8H93;09/09/2025 16:43:12 - 09/09/2025 16:49:55;Ligado;00:06:43;00:05:32;00:01:11; - ;1.96;Avenida Galdino A. de Sousa -  362 -  Jandaia - GO -  75950-000 -  Brasil;Jandaia -  GO -  Brasil;$ 0,00;$ 0,00; - ;""
JANDAIA;01/09/2025 00:00:00 - 30/09/2025 23:59:59;TFP-8H93;TFP-8H93;09/09/2025 16:49:55 - 09/09/2025 17:10:39;Desligado; - ; - ; - ;00:20:44; - ;Jandaia, GO, Brasil; - ; - ; - ; - ; - 
JANDAIA;01/09/2025 00:00:00 - 30/09/2025 23:59:59;TFP-8H93;TFP-8H93;09/09/2025 17:10:39 - 09/09/2025 17:17:51;Ligado;00:07:12;00:05:31;00:01:41; - ;1.94;Jandaia -  GO -  Brasil;Avenida Eliziario Luiz da Costa -  143 -  Jandaia - GO -  75950-000 -  Brasil;$ 0,00;$ 0,00; - ;""
JANDAIA;01/09/2025 00:00:00 - 30/09/2025 23:59:59;TFP-8H93;TFP-8H93;09/09/2025 17:17:51 - 09/09/2025 17:21:43;Desligado; - ; - ; - ;00:03:52; - ;Avenida Eliziario Luiz da Costa, 143, Jandaia - GO, 75950-000, Brasil; - ; - ; - ; - ; - 
JANDAIA;01/09/2025 00:00:00 - 30/09/2025 23:59:59;TFP-8H93;TFP-8H93;09/09/2025 17:21:43 - 09/09/2025 18:22:57;Ligado;01:01:14;01:00:53;00:00:21; - ;35.13;Avenida Eliziario Luiz da Costa -  143 -  Jandaia - GO -  75950-000 -  Brasil;Avenida Galdino A. de Sousa -  384 -  Jandaia - GO -  75950-000 -  Brasil;$ 0,00;$ 0,00; - ;""
JANDAIA;01/09/2025 00:00:00 - 30/09/2025 23:59:59;TFP-8H93;TFP-8H93;09/09/2025 18:22:57 - 10/09/2025 04:44:37;Desligado; - ; - ; - ;10:21:40; - ;Avenida Galdino A. de Sousa, 384, Jandaia - GO, 75950-000, Brasil; - ; - ; - ; - ; - 
JANDAIA;01/09/2025 00:00:00 - 30/09/2025 23:59:59;TFP-8H93;TFP-8H93;10/09/2025 04:44:37 - 10/09/2025 06:58:52;Ligado;02:14:15;02:01:27;00:12:48; - ;64.48;Avenida Galdino A. de Sousa -  374 -  Jandaia - GO -  75950-000 -  Brasil;Avenida Galdino A. de Sousa -  384 -  Jandaia - GO -  75950-000 -  Brasil;$ 0,00;$ 0,00; - ;""
JANDAIA;01/09/2025 00:00:00 - 30/09/2025 23:59:59;TFP-8H93;TFP-8H93;10/09/2025 06:58:52 - 10/09/2025 10:44:34;Desligado; - ; - ; - ;03:45:42; - ;Avenida Galdino A. de Sousa, 384, Jandaia - GO, 75950-000, Brasil; - ; - ; - ; - ; - 
JANDAIA;01/09/2025 00:00:00 - 30/09/2025 23:59:59;TFP-8H93;TFP-8H93;10/09/2025 10:44:34 - 10/09/2025 10:49:32;Ligado;00:04:58;00:04:24;00:00:34; - ;1.29;Avenida Galdino A. de Sousa -  384 -  Jandaia - GO -  75950-000 -  Brasil;Rua F-Dois -  94 -  Jandaia - GO -  75950-000 -  Brasil;$ 0,00;$ 0,00; - ;""
JANDAIA;01/09/2025 00:00:00 - 30/09/2025 23:59:59;TFP-8H93;TFP-8H93;10/09/2025 10:49:32 - 10/09/2025 10:55:41;Desligado; - ; - ; - ;00:06:09; - ;Rua F-Dois, 94, Jandaia - GO, 75950-000, Brasil; - ; - ; - ; - ; - 
JANDAIA;01/09/2025 00:00:00 - 30/09/2025 23:59:59;TFP-8H93;TFP-8H93;10/09/2025 10:55:41 - 10/09/2025 10:59:20;Ligado;00:03:39;00:03:14;00:00:25; - ;1.01;Rua F-Um -  121 -  Jandaia - GO -  75950-000 -  Brasil;Rua Tres -  Jandaia - GO -  75950-000 -  Brasil;$ 0,00;$ 0,00; - ;""
JANDAIA;01/09/2025 00:00:00 - 30/09/2025 23:59:59;TFP-8H93;TFP-8H93;10/09/2025 10:59:20 - 10/09/2025 11:08:57;Desligado; - ; - ; - ;00:09:37; - ;Rua Tres, Jandaia - GO, 75950-000, Brasil; - ; - ; - ; - ; - 
JANDAIA;01/09/2025 00:00:00 - 30/09/2025 23:59:59;TFP-8H93;TFP-8H93;10/09/2025 11:08:57 - 10/09/2025 11:13:54;Ligado;00:04:57;00:04:38;00:00:19; - ;1.78;Rua Tres -  Jandaia - GO -  75950-000 -  Brasil;Avenida Eliziario Luiz da Costa -  131 -  Jandaia - GO -  75950-000 -  Brasil;$ 0,00;$ 0,00; - ;""
JANDAIA;01/09/2025 00:00:00 - 30/09/2025 23:59:59;TFP-8H93;TFP-8H93;10/09/2025 11:13:54 - 10/09/2025 11:20:51;Desligado; - ; - ; - ;00:06:57; - ;Avenida Eliziario Luiz da Costa, 131, Jandaia - GO, 75950-000, Brasil; - ; - ; - ; - ; - 
JANDAIA;01/09/2025 00:00:00 - 30/09/2025 23:59:59;TFP-8H93;TFP-8H93;10/09/2025 11:20:51 - 10/09/2025 13:10:44;Ligado;01:49:53;01:46:32;00:03:21; - ;72.40;Avenida Eliziario Luiz da Costa -  131 -  Jandaia - GO -  75950-000 -  Brasil;Rua F-3 -  35 -  Jandaia - GO -  75950-000 -  Brasil;$ 0,00;$ 0,00; - ;""
JANDAIA;01/09/2025 00:00:00 - 30/09/2025 23:59:59;TFP-8H93;TFP-8H93;10/09/2025 13:10:44 - 10/09/2025 13:17:39;Desligado; - ; - ; - ;00:06:55; - ;Rua F-3, 35, Jandaia - GO, 75950-000, Brasil; - ; - ; - ; - ; - 
JANDAIA;01/09/2025 00:00:00 - 30/09/2025 23:59:59;TFP-8H93;TFP-8H93;10/09/2025 13:17:39 - 10/09/2025 13:21:24;Ligado;00:03:45;00:03:16;00:00:29; - ;1.28;Avenida Contorno -  177 -  Jandaia - GO -  75950-000 -  Brasil;Avenida Galdino A. de Sousa -  384 -  Jandaia - GO -  75950-000 -  Brasil;$ 0,00;$ 0,00; - ;""
JANDAIA;01/09/2025 00:00:00 - 30/09/2025 23:59:59;TFP-8H93;TFP-8H93;10/09/2025 13:21:24 - 10/09/2025 13:21:56;Desligado; - ; - ; - ;00:00:32; - ;Avenida Galdino A. de Sousa, 384, Jandaia - GO, 75950-000, Brasil; - ; - ; - ; - ; - 
JANDAIA;01/09/2025 00:00:00 - 30/09/2025 23:59:59;TFP-8H93;TFP-8H93;10/09/2025 13:21:56 - 10/09/2025 13:22:10;Ligado;00:00:14;00:00:00;00:00:14; - ;0.00;Avenida Galdino A. de Sousa -  384 -  Jandaia - GO -  75950-000 -  Brasil;Avenida Galdino A. de Sousa -  384 -  Jandaia - GO -  75950-000 -  Brasil;$ 0,00;$ 0,00; - ;""
JANDAIA;01/09/2025 00:00:00 - 30/09/2025 23:59:59;TFP-8H93;TFP-8H93;10/09/2025 13:22:10 - 10/09/2025 16:39:08;Desligado; - ; - ; - ;03:16:58; - ;Avenida Galdino A. de Sousa, 384, Jandaia - GO, 75950-000, Brasil; - ; - ; - ; - ; - 
JANDAIA;01/09/2025 00:00:00 - 30/09/2025 23:59:59;TFP-8H93;TFP-8H93;10/09/2025 16:39:08 - 10/09/2025 16:47:03;Ligado;00:07:55;00:06:18;00:01:37; - ;1.97;Avenida Galdino A. de Sousa -  384 -  Jandaia - GO -  75950-000 -  Brasil;Rua F-Dois -  94 -  Jandaia - GO -  75950-000 -  Brasil;$ 0,00;$ 0,00; - ;""
JANDAIA;01/09/2025 00:00:00 - 30/09/2025 23:59:59;TFP-8H93;TFP-8H93;10/09/2025 16:47:03 - 10/09/2025 16:49:59;Desligado; - ; - ; - ;00:02:56; - ;Rua F-Dois, 94, Jandaia - GO, 75950-000, Brasil; - ; - ; - ; - ; - 
JANDAIA;01/09/2025 00:00:00 - 30/09/2025 23:59:59;TFP-8H93;TFP-8H93;10/09/2025 16:49:59 - 10/09/2025 16:53:23;Ligado;00:03:24;00:02:55;00:00:29; - ;1.08;Rua F-Dois -  94 -  Jandaia - GO -  75950-000 -  Brasil;Jandaia -  GO -  Brasil;$ 0,00;$ 0,00; - ;""
JANDAIA;01/09/2025 00:00:00 - 30/09/2025 23:59:59;TFP-8H93;TFP-8H93;10/09/2025 16:53:23 - 10/09/2025 17:12:28;Desligado; - ; - ; - ;00:19:05; - ;Jandaia, GO, Brasil; - ; - ; - ; - ; - 
JANDAIA;01/09/2025 00:00:00 - 30/09/2025 23:59:59;TFP-8H93;TFP-8H93;10/09/2025 17:12:28 - 10/09/2025 17:18:35;Ligado;00:06:07;00:05:45;00:00:22; - ;1.89;Rua Tres -  Jandaia - GO -  75950-000 -  Brasil;Rua Jose Faria Campos -  56 -  Jandaia - GO -  75950-000 -  Brasil;$ 0,00;$ 0,00; - ;""
JANDAIA;01/09/2025 00:00:00 - 30/09/2025 23:59:59;TFP-8H93;TFP-8H93;10/09/2025 17:18:35 - 10/09/2025 17:21:12;Desligado; - ; - ; - ;00:02:37; - ;Rua Jose Faria Campos, 56, Jandaia - GO, 75950-000, Brasil; - ; - ; - ; - ; - 
JANDAIA;01/09/2025 00:00:00 - 30/09/2025 23:59:59;TFP-8H93;TFP-8H93;10/09/2025 17:21:12 - 10/09/2025 18:23:17;Ligado;01:02:05;01:01:00;00:01:05; - ;35.48;Rua Jose Faria Campos -  56 -  Jandaia - GO -  75950-000 -  Brasil;Rua Libertino M. Mesquita -  357 -  Jandaia - GO -  75950-000 -  Brasil;$ 0,00;$ 0,00; - ;""
JANDAIA;01/09/2025 00:00:00 - 30/09/2025 23:59:59;TFP-8H93;TFP-8H93;10/09/2025 18:23:17 - 10/09/2025 18:23:54;Desligado; - ; - ; - ;00:00:37; - ;Rua Libertino M. Mesquita, 357, Jandaia - GO, 75950-000, Brasil; - ; - ; - ; - ; - 
JANDAIA;01/09/2025 00:00:00 - 30/09/2025 23:59:59;TFP-8H93;TFP-8H93;10/09/2025 18:23:54 - 10/09/2025 18:32:30;Ligado;00:08:36;00:01:30;00:07:06; - ;0.34;Rua Libertino M. Mesquita -  357 -  Jandaia - GO -  75950-000 -  Brasil;Avenida Galdino A. de Sousa -  374 -  Jandaia - GO -  75950-000 -  Brasil;$ 0,00;$ 0,00; - ;""
JANDAIA;01/09/2025 00:00:00 - 30/09/2025 23:59:59;TFP-8H93;TFP-8H93;10/09/2025 18:32:30 - 11/09/2025 04:46:25;Desligado; - ; - ; - ;10:13:55; - ;Avenida Galdino A. de Sousa, 374, Jandaia - GO, 75950-000, Brasil; - ; - ; - ; - ; - 
JANDAIA;01/09/2025 00:00:00 - 30/09/2025 23:59:59;TFP-8H93;TFP-8H93;11/09/2025 04:46:25 - 11/09/2025 06:58:16;Ligado;02:11:51;02:01:56;00:09:55; - ;64.42;Avenida Galdino A. de Sousa -  374 -  Jandaia - GO -  75950-000 -  Brasil;Avenida Galdino A. de Sousa -  384 -  Jandaia - GO -  75950-000 -  Brasil;$ 0,00;$ 0,00; - ;""
JANDAIA;01/09/2025 00:00:00 - 30/09/2025 23:59:59;TFP-8H93;TFP-8H93;11/09/2025 06:58:16 - 11/09/2025 06:58:44;Desligado; - ; - ; - ;00:00:28; - ;Avenida Galdino A. de Sousa, 384, Jandaia - GO, 75950-000, Brasil; - ; - ; - ; - ; - 
JANDAIA;01/09/2025 00:00:00 - 30/09/2025 23:59:59;TFP-8H93;TFP-8H93;11/09/2025 06:58:44 - 11/09/2025 06:58:57;Ligado;00:00:13;00:00:00;00:00:13; - ;0.00;Avenida Galdino A. de Sousa -  384 -  Jandaia - GO -  75950-000 -  Brasil;Avenida Galdino A. de Sousa -  384 -  Jandaia - GO -  75950-000 -  Brasil;$ 0,00;$ 0,00; - ;""
JANDAIA;01/09/2025 00:00:00 - 30/09/2025 23:59:59;TFP-8H93;TFP-8H93;11/09/2025 06:58:57 - 11/09/2025 07:46:35;Desligado; - ; - ; - ;00:47:38; - ;Avenida Galdino A. de Sousa, 384, Jandaia - GO, 75950-000, Brasil; - ; - ; - ; - ; - 
JANDAIA;01/09/2025 00:00:00 - 30/09/2025 23:59:59;TFP-8H93;TFP-8H93;11/09/2025 07:46:35 - 11/09/2025 07:50:11;Ligado;00:03:36;00:03:06;00:00:30; - ;0.66;Avenida Galdino A. de Sousa -  374 -  Jandaia - GO -  75950-000 -  Brasil;Avenida Juscelino Kubitschek de Oliveira -  996 -  Jandaia - GO -  75950-000 -  Brasil;$ 0,00;$ 0,00; - ;""
JANDAIA;01/09/2025 00:00:00 - 30/09/2025 23:59:59;TFP-8H93;TFP-8H93;11/09/2025 07:50:11 - 11/09/2025 08:25:03;Desligado; - ; - ; - ;00:34:52; - ;Avenida Juscelino Kubitschek de Oliveira, 996, Jandaia - GO, 75950-000, Brasil; - ; - ; - ; - ; - 
JANDAIA;01/09/2025 00:00:00 - 30/09/2025 23:59:59;TFP-8H93;TFP-8H93;11/09/2025 08:25:03 - 11/09/2025 08:30:05;Ligado;00:05:02;00:03:29;00:01:33; - ;0.72;Avenida Juscelino Kubitschek de Oliveira -  996 -  Jandaia - GO -  75950-000 -  Brasil;Avenida Galdino A. de Sousa -  384 -  Jandaia - GO -  75950-000 -  Brasil;$ 0,00;$ 0,00; - ;""
JANDAIA;01/09/2025 00:00:00 - 30/09/2025 23:59:59;TFP-8H93;TFP-8H93;11/09/2025 08:30:05 - 11/09/2025 10:44:42;Desligado; - ; - ; - ;02:14:37; - ;Avenida Galdino A. de Sousa, 384, Jandaia - GO, 75950-000, Brasil; - ; - ; - ; - ; - 
JANDAIA;01/09/2025 00:00:00 - 30/09/2025 23:59:59;TFP-8H93;TFP-8H93;11/09/2025 10:44:42 - 11/09/2025 10:56:53;Ligado;00:12:11;00:07:19;00:04:52; - ;2.34;Avenida Galdino A. de Sousa -  221 -  Jandaia - GO -  75950-000 -  Brasil;Rua Tres -  Jandaia - GO -  75950-000 -  Brasil;$ 0,00;$ 0,00; - ;""
JANDAIA;01/09/2025 00:00:00 - 30/09/2025 23:59:59;TFP-8H93;TFP-8H93;11/09/2025 10:56:53 - 11/09/2025 11:09:37;Desligado; - ; - ; - ;00:12:44; - ;Rua Tres, Jandaia - GO, 75950-000, Brasil; - ; - ; - ; - ; - 
JANDAIA;01/09/2025 00:00:00 - 30/09/2025 23:59:59;TFP-8H93;TFP-8H93;11/09/2025 11:09:37 - 11/09/2025 11:14:33;Ligado;00:04:56;00:04:40;00:00:16; - ;1.79;Rua Tres -  Jandaia - GO -  75950-000 -  Brasil;Avenida Eliziario Luiz da Costa -  131 -  Jandaia - GO -  75950-000 -  Brasil;$ 0,00;$ 0,00; - ;""
JANDAIA;01/09/2025 00:00:00 - 30/09/2025 23:59:59;TFP-8H93;TFP-8H93;11/09/2025 11:14:33 - 11/09/2025 11:21:17;Desligado; - ; - ; - ;00:06:44; - ;Avenida Eliziario Luiz da Costa, 131, Jandaia - GO, 75950-000, Brasil; - ; - ; - ; - ; - 
JANDAIA;01/09/2025 00:00:00 - 30/09/2025 23:59:59;TFP-8H93;TFP-8H93;11/09/2025 11:21:17 - 11/09/2025 13:10:17;Ligado;01:49:00;01:46:40;00:02:20; - ;72.59;Avenida Eliziario Luiz da Costa -  143 -  Jandaia - GO -  75950-000 -  Brasil;Avenida Galdino A. de Sousa -  384 -  Jandaia - GO -  75950-000 -  Brasil;$ 0,00;$ 0,00; - ;""
JANDAIA;01/09/2025 00:00:00 - 30/09/2025 23:59:59;TFP-8H93;TFP-8H93;11/09/2025 13:10:17 - 11/09/2025 16:40:40;Desligado; - ; - ; - ;03:30:23; - ;Avenida Galdino A. de Sousa, 384, Jandaia - GO, 75950-000, Brasil; - ; - ; - ; - ; - 
JANDAIA;01/09/2025 00:00:00 - 30/09/2025 23:59:59;TFP-8H93;TFP-8H93;11/09/2025 16:40:40 - 11/09/2025 16:47:44;Ligado;00:07:04;00:06:10;00:00:54; - ;1.94;Avenida Galdino A. de Sousa -  362 -  Jandaia - GO -  75950-000 -  Brasil;Rua Tres -  Jandaia - GO -  75950-000 -  Brasil;$ 0,00;$ 0,00; - ;""
JANDAIA;01/09/2025 00:00:00 - 30/09/2025 23:59:59;TFP-8H93;TFP-8H93;11/09/2025 16:47:44 - 11/09/2025 17:10:56;Desligado; - ; - ; - ;00:23:12; - ;Rua Tres, Jandaia - GO, 75950-000, Brasil; - ; - ; - ; - ; - 
JANDAIA;01/09/2025 00:00:00 - 30/09/2025 23:59:59;TFP-8H93;TFP-8H93;11/09/2025 17:10:56 - 11/09/2025 17:15:39;Ligado;00:04:43;00:04:31;00:00:12; - ;1.80;Rua da Liberdade -  475 -  Jandaia - GO -  75950-000 -  Brasil;Rua Jose Faria Campos -  56 -  Jandaia - GO -  75950-000 -  Brasil;$ 0,00;$ 0,00; - ;""
JANDAIA;01/09/2025 00:00:00 - 30/09/2025 23:59:59;TFP-8H93;TFP-8H93;11/09/2025 17:15:39 - 11/09/2025 17:22:54;Desligado; - ; - ; - ;00:07:15; - ;Rua Jose Faria Campos, 56, Jandaia - GO, 75950-000, Brasil; - ; - ; - ; - ; - 
JANDAIA;01/09/2025 00:00:00 - 30/09/2025 23:59:59;TFP-8H93;TFP-8H93;11/09/2025 17:22:54 - 11/09/2025 18:10:31;Ligado;00:47:37;00:46:19;00:01:18; - ;32.24;Rua Libertino M. Mesquita -  58 -  Jandaia - GO -  75950-000 -  Brasil;GO-320 -  Jandaia - GO -  75950-000 -  Brasil;$ 0,00;$ 0,00; - ;""
JANDAIA;01/09/2025 00:00:00 - 30/09/2025 23:59:59;TFP-8H93;TFP-8H93;11/09/2025 18:10:31 - 11/09/2025 18:33:22;Desligado; - ; - ; - ;00:22:51; - ;GO-320, Jandaia - GO, 75950-000, Brasil; - ; - ; - ; - ; - 
JANDAIA;01/09/2025 00:00:00 - 30/09/2025 23:59:59;TFP-8H93;TFP-8H93;11/09/2025 18:33:22 - 11/09/2025 18:38:11;Ligado;00:04:49;00:02:32;00:02:17; - ;0.75;GO-320 -  Jandaia - GO -  75950-000 -  Brasil;Avenida Galdino A. de Sousa -  384 -  Jandaia - GO -  75950-000 -  Brasil;$ 0,00;$ 0,00; - ;""
JANDAIA;01/09/2025 00:00:00 - 30/09/2025 23:59:59;TFP-8H93;TFP-8H93;11/09/2025 18:38:11 - 12/09/2025 05:33:35;Desligado; - ; - ; - ;10:55:24; - ;Avenida Galdino A. de Sousa, 384, Jandaia - GO, 75950-000, Brasil; - ; - ; - ; - ; - 
JANDAIA;01/09/2025 00:00:00 - 30/09/2025 23:59:59;TFP-8H93;TFP-8H93;12/09/2025 05:33:35 - 12/09/2025 05:36:39;Ligado;00:03:04;00:00:00;00:03:04; - ;0.01;Avenida Galdino A. de Sousa -  384 -  Jandaia - GO -  75950-000 -  Brasil;Avenida Galdino A. de Sousa -  374 -  Jandaia - GO -  75950-000 -  Brasil;$ 0,00;$ 0,00; - ;""
JANDAIA;01/09/2025 00:00:00 - 30/09/2025 23:59:59;TFP-8H93;TFP-8H93;12/09/2025 05:36:39 - 12/09/2025 05:39:20;Desligado; - ; - ; - ;00:02:41; - ;Avenida Galdino A. de Sousa, 374, Jandaia - GO, 75950-000, Brasil; - ; - ; - ; - ; - 
JANDAIA;01/09/2025 00:00:00 - 30/09/2025 23:59:59;TFP-8H93;TFP-8H93;12/09/2025 05:39:20 - 12/09/2025 07:32:56;Ligado;01:53:36;01:40:23;00:13:13; - ;114.08;Avenida Galdino A. de Sousa -  374 -  Jandaia - GO -  75950-000 -  Brasil;Goiania -  GO -  Brasil;$ 0,00;$ 0,00; - ;""
JANDAIA;01/09/2025 00:00:00 - 30/09/2025 23:59:59;TFP-8H93;TFP-8H93;12/09/2025 07:32:56 - 12/09/2025 08:24:08;Desligado; - ; - ; - ;00:51:12; - ;Goiania, GO, Brasil; - ; - ; - ; - ; - 
JANDAIA;01/09/2025 00:00:00 - 30/09/2025 23:59:59;TFP-8H93;TFP-8H93;12/09/2025 08:24:08 - 12/09/2025 10:12:37;Ligado;01:48:29;01:33:28;00:15:01; - ;114.11;Goiania -  GO -  Brasil;Avenida Galdino A. de Sousa -  384 -  Jandaia - GO -  75950-000 -  Brasil;$ 0,00;$ 0,00; - ;""
JANDAIA;01/09/2025 00:00:00 - 30/09/2025 23:59:59;TFP-8H93;TFP-8H93;12/09/2025 10:12:37 - 12/09/2025 11:26:15;Desligado; - ; - ; - ;01:13:38; - ;Avenida Galdino A. de Sousa, 384, Jandaia - GO, 75950-000, Brasil; - ; - ; - ; - ; - 
JANDAIA;01/09/2025 00:00:00 - 30/09/2025 23:59:59;TFP-8H93;TFP-8H93;12/09/2025 11:26:15 - 12/09/2025 12:49:44;Ligado;01:23:29;01:21:16;00:02:13; - ;41.92;Avenida Galdino A. de Sousa -  384 -  Jandaia - GO -  75950-000 -  Brasil;Avenida Galdino A. de Sousa -  384 -  Jandaia - GO -  75950-000 -  Brasil;$ 0,00;$ 0,00; - ;""
JANDAIA;01/09/2025 00:00:00 - 30/09/2025 23:59:59;TFP-8H93;TFP-8H93;12/09/2025 12:49:44 - 12/09/2025 16:39:05;Desligado; - ; - ; - ;03:49:21; - ;Avenida Galdino A. de Sousa, 384, Jandaia - GO, 75950-000, Brasil; - ; - ; - ; - ; - 
JANDAIA;01/09/2025 00:00:00 - 30/09/2025 23:59:59;TFP-8H93;TFP-8H93;12/09/2025 16:39:05 - 12/09/2025 16:44:49;Ligado;00:05:44;00:04:51;00:00:53; - ;1.28;Avenida Galdino A. de Sousa -  362 -  Jandaia - GO -  75950-000 -  Brasil;Rua F-Dois -  88 -  Jandaia - GO -  75950-000 -  Brasil;$ 0,00;$ 0,00; - ;""
JANDAIA;01/09/2025 00:00:00 - 30/09/2025 23:59:59;TFP-8H93;TFP-8H93;12/09/2025 16:44:49 - 12/09/2025 16:47:15;Desligado; - ; - ; - ;00:02:26; - ;Rua F-Dois, 88, Jandaia - GO, 75950-000, Brasil; - ; - ; - ; - ; - 
JANDAIA;01/09/2025 00:00:00 - 30/09/2025 23:59:59;TFP-8H93;TFP-8H93;12/09/2025 16:47:15 - 12/09/2025 16:50:36;Ligado;00:03:21;00:03:00;00:00:21; - ;1.08;Rua F-Dois -  88 -  Jandaia - GO -  75950-000 -  Brasil;Jandaia -  GO -  Brasil;$ 0,00;$ 0,00; - ;""
JANDAIA;01/09/2025 00:00:00 - 30/09/2025 23:59:59;TFP-8H93;TFP-8H93;12/09/2025 16:50:36 - 12/09/2025 17:02:54;Desligado; - ; - ; - ;00:12:18; - ;Jandaia, GO, Brasil; - ; - ; - ; - ; - 
JANDAIA;01/09/2025 00:00:00 - 30/09/2025 23:59:59;TFP-8H93;TFP-8H93;12/09/2025 17:02:54 - 12/09/2025 17:03:25;Ligado;00:00:31;00:00:00;00:00:31; - ;0.00;Rua da Liberdade -  475 -  Jandaia - GO -  75950-000 -  Brasil;Rua da Liberdade -  475 -  Jandaia - GO -  75950-000 -  Brasil;$ 0,00;$ 0,00; - ;""
JANDAIA;01/09/2025 00:00:00 - 30/09/2025 23:59:59;TFP-8H93;TFP-8H93;12/09/2025 17:03:25 - 12/09/2025 17:11:02;Desligado; - ; - ; - ;00:07:37; - ;Rua da Liberdade, 475, Jandaia - GO, 75950-000, Brasil; - ; - ; - ; - ; - 
JANDAIA;01/09/2025 00:00:00 - 30/09/2025 23:59:59;TFP-8H93;TFP-8H93;12/09/2025 17:11:02 - 12/09/2025 17:17:08;Ligado;00:06:06;00:05:31;00:00:35; - ;1.92;Rua da Liberdade -  475 -  Jandaia - GO -  75950-000 -  Brasil;Avenida Eliziario Luiz da Costa -  143 -  Jandaia - GO -  75950-000 -  Brasil;$ 0,00;$ 0,00; - ;""
JANDAIA;01/09/2025 00:00:00 - 30/09/2025 23:59:59;TFP-8H93;TFP-8H93;12/09/2025 17:17:08 - 12/09/2025 17:21:28;Desligado; - ; - ; - ;00:04:20; - ;Avenida Eliziario Luiz da Costa, 143, Jandaia - GO, 75950-000, Brasil; - ; - ; - ; - ; - 
JANDAIA;01/09/2025 00:00:00 - 30/09/2025 23:59:59;TFP-8H93;TFP-8H93;12/09/2025 17:21:28 - 12/09/2025 17:57:26;Ligado;00:35:58;00:35:49;00:00:09; - ;24.21;Avenida Eliziario Luiz da Costa -  143 -  Jandaia - GO -  75950-000 -  Brasil;Jandaia -  GO -  Brasil;$ 0,00;$ 0,00; - ;""
JANDAIA;01/09/2025 00:00:00 - 30/09/2025 23:59:59;TFP-8H93;TFP-8H93;12/09/2025 17:57:26 - 12/09/2025 17:59:29;Desligado; - ; - ; - ;00:02:03; - ;Jandaia, GO, Brasil; - ; - ; - ; - ; - 
JANDAIA;01/09/2025 00:00:00 - 30/09/2025 23:59:59;TFP-8H93;TFP-8H93;12/09/2025 17:59:29 - 12/09/2025 18:26:45;Ligado;00:27:16;00:25:32;00:01:44; - ;17.38;Jandaia -  GO -  Brasil;GO-320 -  Jandaia - GO -  75950-000 -  Brasil;$ 0,00;$ 0,00; - ;""
JANDAIA;01/09/2025 00:00:00 - 30/09/2025 23:59:59;TFP-8H93;TFP-8H93;12/09/2025 18:26:45 - 12/09/2025 18:36:04;Desligado; - ; - ; - ;00:09:19; - ;GO-320, Jandaia - GO, 75950-000, Brasil; - ; - ; - ; - ; - 
JANDAIA;01/09/2025 00:00:00 - 30/09/2025 23:59:59;TFP-8H93;TFP-8H93;12/09/2025 18:36:04 - 12/09/2025 18:40:23;Ligado;00:04:19;00:03:32;00:00:47; - ;1.05;GO-320 -  Jandaia - GO -  75950-000 -  Brasil;Rua Libertino M. Mesquita -  365 -  Jandaia - GO -  75950-000 -  Brasil;$ 0,00;$ 0,00; - ;""
JANDAIA;01/09/2025 00:00:00 - 30/09/2025 23:59:59;TFP-8H93;TFP-8H93;12/09/2025 18:40:23 - 12/09/2025 18:47:25;Desligado; - ; - ; - ;00:07:02; - ;Rua Libertino M. Mesquita, 365, Jandaia - GO, 75950-000, Brasil; - ; - ; - ; - ; - 
JANDAIA;01/09/2025 00:00:00 - 30/09/2025 23:59:59;TFP-8H93;TFP-8H93;12/09/2025 18:47:25 - 12/09/2025 18:49:19;Ligado;00:01:54;00:01:16;00:00:38; - ;0.25;Avenida Juscelino Kubitschek de Oliveira -  455 -  Jandaia - GO -  75950-000 -  Brasil;Avenida Galdino A. de Sousa -  398 -  Jandaia - GO -  75950-000 -  Brasil;$ 0,00;$ 0,00; - ;""
JANDAIA;01/09/2025 00:00:00 - 30/09/2025 23:59:59;TFP-8H93;TFP-8H93;12/09/2025 18:49:19 - 15/09/2025 04:47:49;Desligado; - ; - ; - ;57:58:30; - ;Avenida Galdino A. de Sousa, 398, Jandaia - GO, 75950-000, Brasil; - ; - ; - ; - ; - 
JANDAIA;01/09/2025 00:00:00 - 30/09/2025 23:59:59;TFP-8H93;TFP-8H93;15/09/2025 04:47:49 - 15/09/2025 06:57:07;Ligado;02:09:18;01:58:07;00:11:11; - ;64.44;Avenida Galdino A. de Sousa -  374 -  Jandaia - GO -  75950-000 -  Brasil;Avenida Galdino A. de Sousa -  384 -  Jandaia - GO -  75950-000 -  Brasil;$ 0,00;$ 0,00; - ;""
JANDAIA;01/09/2025 00:00:00 - 30/09/2025 23:59:59;TFP-8H93;TFP-8H93;15/09/2025 06:57:07 - 15/09/2025 10:41:27;Desligado; - ; - ; - ;03:44:20; - ;Avenida Galdino A. de Sousa, 384, Jandaia - GO, 75950-000, Brasil; - ; - ; - ; - ; - 
JANDAIA;01/09/2025 00:00:00 - 30/09/2025 23:59:59;TFP-8H93;TFP-8H93;15/09/2025 10:41:27 - 15/09/2025 10:46:28;Ligado;00:05:01;00:04:13;00:00:48; - ;1.27;Avenida Galdino A. de Sousa -  384 -  Jandaia - GO -  75950-000 -  Brasil;Rua F-Dois -  94 -  Jandaia - GO -  75950-000 -  Brasil;$ 0,00;$ 0,00; - ;""
JANDAIA;01/09/2025 00:00:00 - 30/09/2025 23:59:59;TFP-8H93;TFP-8H93;15/09/2025 10:46:28 - 15/09/2025 10:53:53;Desligado; - ; - ; - ;00:07:25; - ;Rua F-Dois, 94, Jandaia - GO, 75950-000, Brasil; - ; - ; - ; - ; - 
JANDAIA;01/09/2025 00:00:00 - 30/09/2025 23:59:59;TFP-8H93;TFP-8H93;15/09/2025 10:53:53 - 15/09/2025 10:57:47;Ligado;00:03:54;00:03:26;00:00:28; - ;1.01;Rua F-Um -  121 -  Jandaia - GO -  75950-000 -  Brasil;Rua Tres -  Jandaia - GO -  75950-000 -  Brasil;$ 0,00;$ 0,00; - ;""
JANDAIA;01/09/2025 00:00:00 - 30/09/2025 23:59:59;TFP-8H93;TFP-8H93;15/09/2025 10:57:47 - 15/09/2025 11:10:37;Desligado; - ; - ; - ;00:12:50; - ;Rua Tres, Jandaia - GO, 75950-000, Brasil; - ; - ; - ; - ; - 
JANDAIA;01/09/2025 00:00:00 - 30/09/2025 23:59:59;TFP-8H93;TFP-8H93;15/09/2025 11:10:37 - 15/09/2025 11:18:59;Ligado;00:08:22;00:05:24;00:02:58; - ;1.74;Rua Tres -  Jandaia - GO -  75950-000 -  Brasil;Avenida Eliziario Luiz da Costa -  131 -  Jandaia - GO -  75950-000 -  Brasil;$ 0,00;$ 0,00; - ;""
JANDAIA;01/09/2025 00:00:00 - 30/09/2025 23:59:59;TFP-8H93;TFP-8H93;15/09/2025 11:18:59 - 15/09/2025 11:21:19;Desligado; - ; - ; - ;00:02:20; - ;Avenida Eliziario Luiz da Costa, 131, Jandaia - GO, 75950-000, Brasil; - ; - ; - ; - ; - 
JANDAIA;01/09/2025 00:00:00 - 30/09/2025 23:59:59;TFP-8H93;TFP-8H93;15/09/2025 11:21:19 - 15/09/2025 13:06:11;Ligado;01:44:52;01:41:48;00:03:04; - ;69.25;Avenida Eliziario Luiz da Costa -  131 -  Jandaia - GO -  75950-000 -  Brasil;Avenida Galdino A. de Sousa -  384 -  Jandaia - GO -  75950-000 -  Brasil;$ 0,00;$ 0,00; - ;""
JANDAIA;01/09/2025 00:00:00 - 30/09/2025 23:59:59;TFP-8H93;TFP-8H93;15/09/2025 13:06:11 - 15/09/2025 16:42:00;Desligado; - ; - ; - ;03:35:49; - ;Avenida Galdino A. de Sousa, 384, Jandaia - GO, 75950-000, Brasil; - ; - ; - ; - ; - 
JANDAIA;01/09/2025 00:00:00 - 30/09/2025 23:59:59;TFP-8H93;TFP-8H93;15/09/2025 16:42:00 - 15/09/2025 16:51:30;Ligado;00:09:30;00:06:48;00:02:42; - ;2.32;Avenida Galdino A. de Sousa -  384 -  Jandaia - GO -  75950-000 -  Brasil;Jandaia -  GO -  Brasil;$ 0,00;$ 0,00; - ;""
JANDAIA;01/09/2025 00:00:00 - 30/09/2025 23:59:59;TFP-8H93;TFP-8H93;15/09/2025 16:51:30 - 15/09/2025 17:11:36;Desligado; - ; - ; - ;00:20:06; - ;Jandaia, GO, Brasil; - ; - ; - ; - ; - 
JANDAIA;01/09/2025 00:00:00 - 30/09/2025 23:59:59;TFP-8H93;TFP-8H93;15/09/2025 17:11:36 - 15/09/2025 17:17:04;Ligado;00:05:28;00:04:57;00:00:31; - ;1.91;Rua Tres -  Jandaia - GO -  75950-000 -  Brasil;Rua Jose Faria Campos -  56 -  Jandaia - GO -  75950-000 -  Brasil;$ 0,00;$ 0,00; - ;""
JANDAIA;01/09/2025 00:00:00 - 30/09/2025 23:59:59;TFP-8H93;TFP-8H93;15/09/2025 17:17:04 - 15/09/2025 17:21:55;Desligado; - ; - ; - ;00:04:51; - ;Rua Jose Faria Campos, 56, Jandaia - GO, 75950-000, Brasil; - ; - ; - ; - ; - 
JANDAIA;01/09/2025 00:00:00 - 30/09/2025 23:59:59;TFP-8H93;TFP-8H93;15/09/2025 17:21:55 - 15/09/2025 18:28:23;Ligado;01:06:28;01:03:05;00:03:23; - ;42.87;Rua Jose Faria Campos -  56 -  Jandaia - GO -  75950-000 -  Brasil;Avenida Galdino A. de Sousa -  374 -  Jandaia - GO -  75950-000 -  Brasil;$ 0,00;$ 0,00; - ;""
JANDAIA;01/09/2025 00:00:00 - 30/09/2025 23:59:59;TFP-8H93;TFP-8H93;15/09/2025 18:28:23 - 16/09/2025 04:46:58;Desligado; - ; - ; - ;10:18:35; - ;Avenida Galdino A. de Sousa, 374, Jandaia - GO, 75950-000, Brasil; - ; - ; - ; - ; - 
JANDAIA;01/09/2025 00:00:00 - 30/09/2025 23:59:59;TFP-8H93;TFP-8H93;16/09/2025 04:46:58 - 16/09/2025 06:58:53;Ligado;02:11:55;02:02:26;00:09:29; - ;63.49;Avenida Galdino A. de Sousa -  374 -  Jandaia - GO -  75950-000 -  Brasil;Avenida Galdino A. de Sousa -  384 -  Jandaia - GO -  75950-000 -  Brasil;$ 0,00;$ 0,00; - ;""
JANDAIA;01/09/2025 00:00:00 - 30/09/2025 23:59:59;TFP-8H93;TFP-8H93;16/09/2025 06:58:53 - 16/09/2025 10:39:45;Desligado; - ; - ; - ;03:40:52; - ;Avenida Galdino A. de Sousa, 384, Jandaia - GO, 75950-000, Brasil; - ; - ; - ; - ; - 
JANDAIA;01/09/2025 00:00:00 - 30/09/2025 23:59:59;TFP-8H93;TFP-8H93;16/09/2025 10:39:45 - 16/09/2025 10:47:20;Ligado;00:07:35;00:05:26;00:02:09; - ;1.30;Avenida Galdino A. de Sousa -  374 -  Jandaia - GO -  75950-000 -  Brasil;Rua F-Um -  121 -  Jandaia - GO -  75950-000 -  Brasil;$ 0,00;$ 0,00; - ;""
JANDAIA;01/09/2025 00:00:00 - 30/09/2025 23:59:59;TFP-8H93;TFP-8H93;16/09/2025 10:47:20 - 16/09/2025 10:52:11;Desligado; - ; - ; - ;00:04:51; - ;Rua F-Um, 121, Jandaia - GO, 75950-000, Brasil; - ; - ; - ; - ; - 
JANDAIA;01/09/2025 00:00:00 - 30/09/2025 23:59:59;TFP-8H93;TFP-8H93;16/09/2025 10:52:11 - 16/09/2025 10:58:11;Ligado;00:06:00;00:03:56;00:02:04; - ;1.01;Rua F-Um -  121 -  Jandaia - GO -  75950-000 -  Brasil;Rua Tres -  Jandaia - GO -  75950-000 -  Brasil;$ 0,00;$ 0,00; - ;""
JANDAIA;01/09/2025 00:00:00 - 30/09/2025 23:59:59;TFP-8H93;TFP-8H93;16/09/2025 10:58:11 - 16/09/2025 11:10:23;Desligado; - ; - ; - ;00:12:12; - ;Rua Tres, Jandaia - GO, 75950-000, Brasil; - ; - ; - ; - ; - 
JANDAIA;01/09/2025 00:00:00 - 30/09/2025 23:59:59;TFP-8H93;TFP-8H93;16/09/2025 11:10:23 - 16/09/2025 11:15:45;Ligado;00:05:22;00:05:06;00:00:16; - ;1.78;Rua da Liberdade -  475 -  Jandaia - GO -  75950-000 -  Brasil;Avenida Eliziario Luiz da Costa -  131 -  Jandaia - GO -  75950-000 -  Brasil;$ 0,00;$ 0,00; - ;""
JANDAIA;01/09/2025 00:00:00 - 30/09/2025 23:59:59;TFP-8H93;TFP-8H93;16/09/2025 11:15:45 - 16/09/2025 11:20:45;Desligado; - ; - ; - ;00:05:00; - ;Avenida Eliziario Luiz da Costa, 131, Jandaia - GO, 75950-000, Brasil; - ; - ; - ; - ; - 
JANDAIA;01/09/2025 00:00:00 - 30/09/2025 23:59:59;TFP-8H93;TFP-8H93;16/09/2025 11:20:45 - 16/09/2025 13:07:37;Ligado;01:46:52;01:40:53;00:05:59; - ;68.15;Avenida Eliziario Luiz da Costa -  131 -  Jandaia - GO -  75950-000 -  Brasil;GO-320 -  Jandaia - GO -  75950-000 -  Brasil;$ 0,00;$ 0,00; - ;""
JANDAIA;01/09/2025 00:00:00 - 30/09/2025 23:59:59;TFP-8H93;TFP-8H93;16/09/2025 13:07:37 - 16/09/2025 13:09:21;Desligado; - ; - ; - ;00:01:44; - ;GO-320, Jandaia - GO, 75950-000, Brasil; - ; - ; - ; - ; - 
JANDAIA;01/09/2025 00:00:00 - 30/09/2025 23:59:59;TFP-8H93;TFP-8H93;16/09/2025 13:09:21 - 16/09/2025 13:11:05;Ligado;00:01:44;00:01:36;00:00:08; - ;0.65;GO-320 -  Jandaia - GO -  75950-000 -  Brasil;Avenida Galdino A. de Sousa -  384 -  Jandaia - GO -  75950-000 -  Brasil;$ 0,00;$ 0,00; - ;""
JANDAIA;01/09/2025 00:00:00 - 30/09/2025 23:59:59;TFP-8H93;TFP-8H93;16/09/2025 13:11:05 - 16/09/2025 16:38:21;Desligado; - ; - ; - ;03:27:16; - ;Avenida Galdino A. de Sousa, 384, Jandaia - GO, 75950-000, Brasil; - ; - ; - ; - ; - 
JANDAIA;01/09/2025 00:00:00 - 30/09/2025 23:59:59;TFP-8H93;TFP-8H93;16/09/2025 16:38:21 - 16/09/2025 16:43:42;Ligado;00:05:21;00:04:17;00:01:04; - ;1.27;Avenida Galdino A. de Sousa -  384 -  Jandaia - GO -  75950-000 -  Brasil;Rua F-Dois -  94 -  Jandaia - GO -  75950-000 -  Brasil;$ 0,00;$ 0,00; - ;""
JANDAIA;01/09/2025 00:00:00 - 30/09/2025 23:59:59;TFP-8H93;TFP-8H93;16/09/2025 16:43:42 - 16/09/2025 16:47:08;Desligado; - ; - ; - ;00:03:26; - ;Rua F-Dois, 94, Jandaia - GO, 75950-000, Brasil; - ; - ; - ; - ; - 
JANDAIA;01/09/2025 00:00:00 - 30/09/2025 23:59:59;TFP-8H93;TFP-8H93;16/09/2025 16:47:08 - 16/09/2025 16:50:46;Ligado;00:03:38;00:03:03;00:00:35; - ;1.04;Rua F-Dois -  94 -  Jandaia - GO -  75950-000 -  Brasil;Jandaia -  GO -  Brasil;$ 0,00;$ 0,00; - ;""
JANDAIA;01/09/2025 00:00:00 - 30/09/2025 23:59:59;TFP-8H93;TFP-8H93;16/09/2025 16:50:46 - 16/09/2025 17:10:34;Desligado; - ; - ; - ;00:19:48; - ;Jandaia, GO, Brasil; - ; - ; - ; - ; - 
JANDAIA;01/09/2025 00:00:00 - 30/09/2025 23:59:59;TFP-8H93;TFP-8H93;16/09/2025 17:10:34 - 16/09/2025 17:16:42;Ligado;00:06:08;00:05:35;00:00:33; - ;1.87;Rua Tres -  Jandaia - GO -  75950-000 -  Brasil;Rua Jose Faria Campos -  56 -  Jandaia - GO -  75950-000 -  Brasil;$ 0,00;$ 0,00; - ;""
JANDAIA;01/09/2025 00:00:00 - 30/09/2025 23:59:59;TFP-8H93;TFP-8H93;16/09/2025 17:16:42 - 16/09/2025 17:21:36;Desligado; - ; - ; - ;00:04:54; - ;Rua Jose Faria Campos, 56, Jandaia - GO, 75950-000, Brasil; - ; - ; - ; - ; - 
JANDAIA;01/09/2025 00:00:00 - 30/09/2025 23:59:59;TFP-8H93;TFP-8H93;16/09/2025 17:21:36 - 16/09/2025 18:22:32;Ligado;01:00:56;00:58:51;00:02:05; - ;35.07;Rua Jose Faria Campos -  56 -  Jandaia - GO -  75950-000 -  Brasil;Avenida Galdino A. de Sousa -  384 -  Jandaia - GO -  75950-000 -  Brasil;$ 0,00;$ 0,00; - ;""
JANDAIA;01/09/2025 00:00:00 - 30/09/2025 23:59:59;TFP-8H93;TFP-8H93;16/09/2025 18:22:32 - 17/09/2025 04:49:11;Desligado; - ; - ; - ;10:26:39; - ;Avenida Galdino A. de Sousa, 384, Jandaia - GO, 75950-000, Brasil; - ; - ; - ; - ; - 
JANDAIA;01/09/2025 00:00:00 - 30/09/2025 23:59:59;TFP-8H93;TFP-8H93;17/09/2025 04:49:11 - 17/09/2025 06:53:49;Ligado;02:04:38;01:51:56;00:12:42; - ;64.43;Avenida Galdino A. de Sousa -  384 -  Jandaia - GO -  75950-000 -  Brasil;Avenida Galdino A. de Sousa -  384 -  Jandaia - GO -  75950-000 -  Brasil;$ 0,00;$ 0,00; - ;""
JANDAIA;01/09/2025 00:00:00 - 30/09/2025 23:59:59;TFP-8H93;TFP-8H93;17/09/2025 06:53:49 - 17/09/2025 10:42:24;Desligado; - ; - ; - ;03:48:35; - ;Avenida Galdino A. de Sousa, 384, Jandaia - GO, 75950-000, Brasil; - ; - ; - ; - ; - 
JANDAIA;01/09/2025 00:00:00 - 30/09/2025 23:59:59;TFP-8H93;TFP-8H93;17/09/2025 10:42:24 - 17/09/2025 10:47:05;Ligado;00:04:41;00:03:52;00:00:49; - ;1.31;Avenida Galdino A. de Sousa -  374 -  Jandaia - GO -  75950-000 -  Brasil;Rua F-Dois -  94 -  Jandaia - GO -  75950-000 -  Brasil;$ 0,00;$ 0,00; - ;""
JANDAIA;01/09/2025 00:00:00 - 30/09/2025 23:59:59;TFP-8H93;TFP-8H93;17/09/2025 10:47:05 - 17/09/2025 10:56:29;Desligado; - ; - ; - ;00:09:24; - ;Rua F-Dois, 94, Jandaia - GO, 75950-000, Brasil; - ; - ; - ; - ; - 
JANDAIA;01/09/2025 00:00:00 - 30/09/2025 23:59:59;TFP-8H93;TFP-8H93;17/09/2025 10:56:29 - 17/09/2025 11:00:15;Ligado;00:03:46;00:03:26;00:00:20; - ;1.04;Rua F-Um -  121 -  Jandaia - GO -  75950-000 -  Brasil;Rua Tres -  Jandaia - GO -  75950-000 -  Brasil;$ 0,00;$ 0,00; - ;""
JANDAIA;01/09/2025 00:00:00 - 30/09/2025 23:59:59;TFP-8H93;TFP-8H93;17/09/2025 11:00:15 - 17/09/2025 11:10:52;Desligado; - ; - ; - ;00:10:37; - ;Rua Tres, Jandaia - GO, 75950-000, Brasil; - ; - ; - ; - ; - 
JANDAIA;01/09/2025 00:00:00 - 30/09/2025 23:59:59;TFP-8H93;TFP-8H93;17/09/2025 11:10:52 - 17/09/2025 11:15:23;Ligado;00:04:31;00:04:14;00:00:17; - ;1.71;Rua Dois -  Jandaia - GO -  75950-000 -  Brasil;Avenida Eliziario Luiz da Costa -  131 -  Jandaia - GO -  75950-000 -  Brasil;$ 0,00;$ 0,00; - ;""
JANDAIA;01/09/2025 00:00:00 - 30/09/2025 23:59:59;TFP-8H93;TFP-8H93;17/09/2025 11:15:23 - 17/09/2025 11:20:29;Desligado; - ; - ; - ;00:05:06; - ;Avenida Eliziario Luiz da Costa, 131, Jandaia - GO, 75950-000, Brasil; - ; - ; - ; - ; - 
JANDAIA;01/09/2025 00:00:00 - 30/09/2025 23:59:59;TFP-8H93;TFP-8H93;17/09/2025 11:20:29 - 17/09/2025 13:06:21;Ligado;01:45:52;01:42:12;00:03:40; - ;68.30;Avenida Eliziario Luiz da Costa -  131 -  Jandaia - GO -  75950-000 -  Brasil;Avenida Galdino A. de Sousa -  384 -  Jandaia - GO -  75950-000 -  Brasil;$ 0,00;$ 0,00; - ;""
JANDAIA;01/09/2025 00:00:00 - 30/09/2025 23:59:59;TFP-8H93;TFP-8H93;17/09/2025 13:06:21 - 17/09/2025 13:51:00;Desligado; - ; - ; - ;00:44:39; - ;Avenida Galdino A. de Sousa, 384, Jandaia - GO, 75950-000, Brasil; - ; - ; - ; - ; - 
JANDAIA;01/09/2025 00:00:00 - 30/09/2025 23:59:59;TFP-8H93;TFP-8H93;17/09/2025 13:51:00 - 17/09/2025 13:52:09;Ligado;00:01:09;00:00:36;00:00:33; - ;0.14;Rua Jose Faria Campos -  340 -  Jandaia - GO -  75950-000 -  Brasil;Avenida Juscelino Kubitschek de Oliveira -  42 -  Jandaia - GO -  75950-000 -  Brasil;$ 0,00;$ 0,00; - ;""
JANDAIA;01/09/2025 00:00:00 - 30/09/2025 23:59:59;TFP-8H93;TFP-8H93;17/09/2025 13:52:09 - 17/09/2025 13:52:41;Desligado; - ; - ; - ;00:00:32; - ;Avenida Juscelino Kubitschek de Oliveira, 42, Jandaia - GO, 75950-000, Brasil; - ; - ; - ; - ; - 
JANDAIA;01/09/2025 00:00:00 - 30/09/2025 23:59:59;TFP-8H93;TFP-8H93;17/09/2025 13:52:41 - 17/09/2025 14:01:02;Ligado;00:08:21;00:07:45;00:00:36; - ;3.65;Avenida Juscelino Kubitschek de Oliveira -  42 -  Jandaia - GO -  75950-000 -  Brasil;Avenida Galdino A. de Sousa -  384 -  Jandaia - GO -  75950-000 -  Brasil;$ 0,00;$ 0,00; - ;""
JANDAIA;01/09/2025 00:00:00 - 30/09/2025 23:59:59;TFP-8H93;TFP-8H93;17/09/2025 14:01:02 - 17/09/2025 16:38:03;Desligado; - ; - ; - ;02:37:01; - ;Avenida Galdino A. de Sousa, 384, Jandaia - GO, 75950-000, Brasil; - ; - ; - ; - ; - 
JANDAIA;01/09/2025 00:00:00 - 30/09/2025 23:59:59;TFP-8H93;TFP-8H93;17/09/2025 16:38:03 - 17/09/2025 16:38:09;Ligado;00:00:06;00:00:00;00:00:06; - ;0.00;Avenida Galdino A. de Sousa -  384 -  Jandaia - GO -  75950-000 -  Brasil;Avenida Galdino A. de Sousa -  384 -  Jandaia - GO -  75950-000 -  Brasil;$ 0,00;$ 0,00; - ;""
JANDAIA;01/09/2025 00:00:00 - 30/09/2025 23:59:59;TFP-8H93;TFP-8H93;17/09/2025 16:38:09 - 17/09/2025 16:38:37;Desligado; - ; - ; - ;00:00:28; - ;Avenida Galdino A. de Sousa, 384, Jandaia - GO, 75950-000, Brasil; - ; - ; - ; - ; - 
JANDAIA;01/09/2025 00:00:00 - 30/09/2025 23:59:59;TFP-8H93;TFP-8H93;17/09/2025 16:38:37 - 17/09/2025 16:43:56;Ligado;00:05:19;00:04:55;00:00:24; - ;1.27;Avenida Galdino A. de Sousa -  384 -  Jandaia - GO -  75950-000 -  Brasil;Rua F-Dois -  94 -  Jandaia - GO -  75950-000 -  Brasil;$ 0,00;$ 0,00; - ;""
JANDAIA;01/09/2025 00:00:00 - 30/09/2025 23:59:59;TFP-8H93;TFP-8H93;17/09/2025 16:43:56 - 17/09/2025 16:47:07;Desligado; - ; - ; - ;00:03:11; - ;Rua F-Dois, 94, Jandaia - GO, 75950-000, Brasil; - ; - ; - ; - ; - 
JANDAIA;01/09/2025 00:00:00 - 30/09/2025 23:59:59;TFP-8H93;TFP-8H93;17/09/2025 16:47:07 - 17/09/2025 16:50:48;Ligado;00:03:41;00:02:57;00:00:44; - ;1.08;Rua F-Dois -  94 -  Jandaia - GO -  75950-000 -  Brasil;Rua Tres -  Jandaia - GO -  75950-000 -  Brasil;$ 0,00;$ 0,00; - ;""
JANDAIA;01/09/2025 00:00:00 - 30/09/2025 23:59:59;TFP-8H93;TFP-8H93;17/09/2025 16:50:48 - 17/09/2025 17:10:28;Desligado; - ; - ; - ;00:19:40; - ;Rua Tres, Jandaia - GO, 75950-000, Brasil; - ; - ; - ; - ; - 
JANDAIA;01/09/2025 00:00:00 - 30/09/2025 23:59:59;TFP-8H93;TFP-8H93;17/09/2025 17:10:28 - 17/09/2025 17:16:22;Ligado;00:05:54;00:05:31;00:00:23; - ;1.86;Rua Dois -  Jandaia - GO -  75950-000 -  Brasil;Avenida Eliziario Luiz da Costa -  143 -  Jandaia - GO -  75950-000 -  Brasil;$ 0,00;$ 0,00; - ;""
JANDAIA;01/09/2025 00:00:00 - 30/09/2025 23:59:59;TFP-8H93;TFP-8H93;17/09/2025 17:16:22 - 17/09/2025 17:21:58;Desligado; - ; - ; - ;00:05:36; - ;Avenida Eliziario Luiz da Costa, 143, Jandaia - GO, 75950-000, Brasil; - ; - ; - ; - ; - 
JANDAIA;01/09/2025 00:00:00 - 30/09/2025 23:59:59;TFP-8H93;TFP-8H93;17/09/2025 17:21:58 - 17/09/2025 18:15:09;Ligado;00:53:11;00:52:03;00:01:08; - ;34.69;Avenida Eliziario Luiz da Costa -  143 -  Jandaia - GO -  75950-000 -  Brasil;Avenida Dona Gercina Borges -  126 -  Jandaia - GO -  75950-000 -  Brasil;$ 0,00;$ 0,00; - ;""
JANDAIA;01/09/2025 00:00:00 - 30/09/2025 23:59:59;TFP-8H93;TFP-8H93;17/09/2025 18:15:09 - 17/09/2025 18:21:25;Desligado; - ; - ; - ;00:06:16; - ;Avenida Dona Gercina Borges, 126, Jandaia - GO, 75950-000, Brasil; - ; - ; - ; - ; - 
JANDAIA;01/09/2025 00:00:00 - 30/09/2025 23:59:59;TFP-8H93;TFP-8H93;17/09/2025 18:21:25 - 17/09/2025 18:23:09;Ligado;00:01:44;00:01:02;00:00:42; - ;0.23;Rua Libertino M. Mesquita -  263 -  Jandaia - GO -  75950-000 -  Brasil;Avenida Galdino A. de Sousa -  374 -  Jandaia - GO -  75950-000 -  Brasil;$ 0,00;$ 0,00; - ;""
JANDAIA;01/09/2025 00:00:00 - 30/09/2025 23:59:59;TFP-8H93;TFP-8H93;17/09/2025 18:23:09 - 18/09/2025 04:50:08;Desligado; - ; - ; - ;10:26:59; - ;Avenida Galdino A. de Sousa, 374, Jandaia - GO, 75950-000, Brasil; - ; - ; - ; - ; - 
JANDAIA;01/09/2025 00:00:00 - 30/09/2025 23:59:59;TFP-8H93;TFP-8H93;18/09/2025 04:50:08 - 18/09/2025 06:59:07;Ligado;02:08:59;02:01:49;00:07:10; - ;63.59;Avenida Galdino A. de Sousa -  374 -  Jandaia - GO -  75950-000 -  Brasil;Avenida Galdino A. de Sousa -  384 -  Jandaia - GO -  75950-000 -  Brasil;$ 0,00;$ 0,00; - ;""
JANDAIA;01/09/2025 00:00:00 - 30/09/2025 23:59:59;TFP-8H93;TFP-8H93;18/09/2025 06:59:07 - 18/09/2025 10:41:07;Desligado; - ; - ; - ;03:42:00; - ;Avenida Galdino A. de Sousa, 384, Jandaia - GO, 75950-000, Brasil; - ; - ; - ; - ; - 
JANDAIA;01/09/2025 00:00:00 - 30/09/2025 23:59:59;TFP-8H93;TFP-8H93;18/09/2025 10:41:07 - 18/09/2025 10:49:49;Ligado;00:08:42;00:05:22;00:03:20; - ;1.28;Avenida Galdino A. de Sousa -  384 -  Jandaia - GO -  75950-000 -  Brasil;Rua F-Um -  121 -  Jandaia - GO -  75950-000 -  Brasil;$ 0,00;$ 0,00; - ;""
JANDAIA;01/09/2025 00:00:00 - 30/09/2025 23:59:59;TFP-8H93;TFP-8H93;18/09/2025 10:49:49 - 18/09/2025 10:54:09;Desligado; - ; - ; - ;00:04:20; - ;Rua F-Um, 121, Jandaia - GO, 75950-000, Brasil; - ; - ; - ; - ; - 
JANDAIA;01/09/2025 00:00:00 - 30/09/2025 23:59:59;TFP-8H93;TFP-8H93;18/09/2025 10:54:09 - 18/09/2025 11:00:02;Ligado;00:05:53;00:04:27;00:01:26; - ;1.06;Rua F-Um -  121 -  Jandaia - GO -  75950-000 -  Brasil;Rua Tres -  Jandaia - GO -  75950-000 -  Brasil;$ 0,00;$ 0,00; - ;""
JANDAIA;01/09/2025 00:00:00 - 30/09/2025 23:59:59;TFP-8H93;TFP-8H93;18/09/2025 11:00:02 - 18/09/2025 11:11:36;Desligado; - ; - ; - ;00:11:34; - ;Rua Tres, Jandaia - GO, 75950-000, Brasil; - ; - ; - ; - ; - 
JANDAIA;01/09/2025 00:00:00 - 30/09/2025 23:59:59;TFP-8H93;TFP-8H93;18/09/2025 11:11:36 - 18/09/2025 11:16:09;Ligado;00:04:33;00:04:02;00:00:31; - ;1.64;Rua Dois -  Jandaia - GO -  75950-000 -  Brasil;Avenida Eliziario Luiz da Costa -  131 -  Jandaia - GO -  75950-000 -  Brasil;$ 0,00;$ 0,00; - ;""
JANDAIA;01/09/2025 00:00:00 - 30/09/2025 23:59:59;TFP-8H93;TFP-8H93;18/09/2025 11:16:09 - 18/09/2025 11:20:47;Desligado; - ; - ; - ;00:04:38; - ;Avenida Eliziario Luiz da Costa, 131, Jandaia - GO, 75950-000, Brasil; - ; - ; - ; - ; - 
JANDAIA;01/09/2025 00:00:00 - 30/09/2025 23:59:59;TFP-8H93;TFP-8H93;18/09/2025 11:20:47 - 18/09/2025 13:03:21;Ligado;01:42:34;01:39:37;00:02:57; - ;59.67;Avenida Eliziario Luiz da Costa -  131 -  Jandaia - GO -  75950-000 -  Brasil;Avenida Galdino A. de Sousa -  384 -  Jandaia - GO -  75950-000 -  Brasil;$ 0,00;$ 0,00; - ;""
JANDAIA;01/09/2025 00:00:00 - 30/09/2025 23:59:59;TFP-8H93;TFP-8H93;18/09/2025 13:03:21 - 18/09/2025 16:34:39;Desligado; - ; - ; - ;03:31:18; - ;Avenida Galdino A. de Sousa, 384, Jandaia - GO, 75950-000, Brasil; - ; - ; - ; - ; - 
JANDAIA;01/09/2025 00:00:00 - 30/09/2025 23:59:59;TFP-8H93;TFP-8H93;18/09/2025 16:34:39 - 18/09/2025 16:41:16;Ligado;00:06:37;00:05:15;00:01:22; - ;1.27;Avenida Galdino A. de Sousa -  384 -  Jandaia - GO -  75950-000 -  Brasil;Rua F-Dois -  94 -  Jandaia - GO -  75950-000 -  Brasil;$ 0,00;$ 0,00; - ;""
JANDAIA;01/09/2025 00:00:00 - 30/09/2025 23:59:59;TFP-8H93;TFP-8H93;18/09/2025 16:41:16 - 18/09/2025 16:44:20;Desligado; - ; - ; - ;00:03:04; - ;Rua F-Dois, 94, Jandaia - GO, 75950-000, Brasil; - ; - ; - ; - ; - 
JANDAIA;01/09/2025 00:00:00 - 30/09/2025 23:59:59;TFP-8H93;TFP-8H93;18/09/2025 16:44:20 - 18/09/2025 16:48:29;Ligado;00:04:09;00:03:34;00:00:35; - ;1.05;Rua F-Dois -  94 -  Jandaia - GO -  75950-000 -  Brasil;Rua Tres -  Jandaia - GO -  75950-000 -  Brasil;$ 0,00;$ 0,00; - ;""
JANDAIA;01/09/2025 00:00:00 - 30/09/2025 23:59:59;TFP-8H93;TFP-8H93;18/09/2025 16:48:29 - 18/09/2025 17:10:18;Desligado; - ; - ; - ;00:21:49; - ;Rua Tres, Jandaia - GO, 75950-000, Brasil; - ; - ; - ; - ; - 
JANDAIA;01/09/2025 00:00:00 - 30/09/2025 23:59:59;TFP-8H93;TFP-8H93;18/09/2025 17:10:18 - 18/09/2025 17:16:23;Ligado;00:06:05;00:05:46;00:00:19; - ;1.95;Rua Tres -  Jandaia - GO -  75950-000 -  Brasil;Rua Jose Faria Campos -  56 -  Jandaia - GO -  75950-000 -  Brasil;$ 0,00;$ 0,00; - ;""
JANDAIA;01/09/2025 00:00:00 - 30/09/2025 23:59:59;TFP-8H93;TFP-8H93;18/09/2025 17:16:23 - 18/09/2025 17:22:14;Desligado; - ; - ; - ;00:05:51; - ;Rua Jose Faria Campos, 56, Jandaia - GO, 75950-000, Brasil; - ; - ; - ; - ; - 
JANDAIA;01/09/2025 00:00:00 - 30/09/2025 23:59:59;TFP-8H93;TFP-8H93;18/09/2025 17:22:14 - 18/09/2025 18:30:13;Ligado;01:07:59;01:06:50;00:01:09; - ;42.80;Rua Jose Faria Campos -  56 -  Jandaia - GO -  75950-000 -  Brasil;Avenida Galdino A. de Sousa -  374 -  Jandaia - GO -  75950-000 -  Brasil;$ 0,00;$ 0,00; - ;""
JANDAIA;01/09/2025 00:00:00 - 30/09/2025 23:59:59;TFP-8H93;TFP-8H93;18/09/2025 18:30:13 - 19/09/2025 04:49:12;Desligado; - ; - ; - ;10:18:59; - ;Avenida Galdino A. de Sousa, 374, Jandaia - GO, 75950-000, Brasil; - ; - ; - ; - ; - 
JANDAIA;01/09/2025 00:00:00 - 30/09/2025 23:59:59;TFP-8H93;TFP-8H93;19/09/2025 04:49:12 - 19/09/2025 05:24:10;Ligado;00:34:58;00:33:43;00:01:15; - ;16.53;Avenida Galdino A. de Sousa -  374 -  Jandaia - GO -  75950-000 -  Brasil;Jandaia -  GO -  Brasil;$ 0,00;$ 0,00; - ;""
JANDAIA;01/09/2025 00:00:00 - 30/09/2025 23:59:59;TFP-8H93;TFP-8H93;19/09/2025 05:24:10 - 19/09/2025 05:28:24;Desligado; - ; - ; - ;00:04:14; - ;Jandaia, GO, Brasil; - ; - ; - ; - ; - 
JANDAIA;01/09/2025 00:00:00 - 30/09/2025 23:59:59;TFP-8H93;TFP-8H93;19/09/2025 05:28:24 - 19/09/2025 06:58:10;Ligado;01:29:46;01:24:45;00:05:01; - ;42.59;Jandaia -  GO -  Brasil;Avenida Galdino A. de Sousa -  384 -  Jandaia - GO -  75950-000 -  Brasil;$ 0,00;$ 0,00; - ;""
JANDAIA;01/09/2025 00:00:00 - 30/09/2025 23:59:59;TFP-8H93;TFP-8H93;19/09/2025 06:58:10 - 19/09/2025 10:41:27;Desligado; - ; - ; - ;03:43:17; - ;Avenida Galdino A. de Sousa, 384, Jandaia - GO, 75950-000, Brasil; - ; - ; - ; - ; - 
JANDAIA;01/09/2025 00:00:00 - 30/09/2025 23:59:59;TFP-8H93;TFP-8H93;19/09/2025 10:41:27 - 19/09/2025 10:47:11;Ligado;00:05:44;00:04:40;00:01:04; - ;1.25;Avenida Galdino A. de Sousa -  384 -  Jandaia - GO -  75950-000 -  Brasil;Rua F-Dois -  94 -  Jandaia - GO -  75950-000 -  Brasil;$ 0,00;$ 0,00; - ;""
JANDAIA;01/09/2025 00:00:00 - 30/09/2025 23:59:59;TFP-8H93;TFP-8H93;19/09/2025 10:47:11 - 19/09/2025 10:57:41;Desligado; - ; - ; - ;00:10:30; - ;Rua F-Dois, 94, Jandaia - GO, 75950-000, Brasil; - ; - ; - ; - ; - 
JANDAIA;01/09/2025 00:00:00 - 30/09/2025 23:59:59;TFP-8H93;TFP-8H93;19/09/2025 10:57:41 - 19/09/2025 11:01:18;Ligado;00:03:37;00:03:11;00:00:26; - ;1.01;Rua F-Um -  121 -  Jandaia - GO -  75950-000 -  Brasil;Jandaia -  GO -  Brasil;$ 0,00;$ 0,00; - ;""
JANDAIA;01/09/2025 00:00:00 - 30/09/2025 23:59:59;TFP-8H93;TFP-8H93;19/09/2025 11:01:18 - 19/09/2025 11:11:28;Desligado; - ; - ; - ;00:10:10; - ;Jandaia, GO, Brasil; - ; - ; - ; - ; - 
JANDAIA;01/09/2025 00:00:00 - 30/09/2025 23:59:59;TFP-8H93;TFP-8H93;19/09/2025 11:11:28 - 19/09/2025 11:15:45;Ligado;00:04:17;00:03:54;00:00:23; - ;1.73;Rua Dois -  Jandaia - GO -  75950-000 -  Brasil;Avenida Eliziario Luiz da Costa -  131 -  Jandaia - GO -  75950-000 -  Brasil;$ 0,00;$ 0,00; - ;""
JANDAIA;01/09/2025 00:00:00 - 30/09/2025 23:59:59;TFP-8H93;TFP-8H93;19/09/2025 11:15:45 - 19/09/2025 11:21:05;Desligado; - ; - ; - ;00:05:20; - ;Avenida Eliziario Luiz da Costa, 131, Jandaia - GO, 75950-000, Brasil; - ; - ; - ; - ; - 
JANDAIA;01/09/2025 00:00:00 - 30/09/2025 23:59:59;TFP-8H93;TFP-8H93;19/09/2025 11:21:05 - 19/09/2025 13:01:44;Ligado;01:40:39;01:38:20;00:02:19; - ;67.65;Avenida Eliziario Luiz da Costa -  131 -  Jandaia - GO -  75950-000 -  Brasil;Avenida Galdino A. de Sousa -  384 -  Jandaia - GO -  75950-000 -  Brasil;$ 0,00;$ 0,00; - ;""
JANDAIA;01/09/2025 00:00:00 - 30/09/2025 23:59:59;TFP-8H93;TFP-8H93;19/09/2025 13:01:44 - 19/09/2025 16:39:31;Desligado; - ; - ; - ;03:37:47; - ;Avenida Galdino A. de Sousa, 384, Jandaia - GO, 75950-000, Brasil; - ; - ; - ; - ; - 
JANDAIA;01/09/2025 00:00:00 - 30/09/2025 23:59:59;TFP-8H93;TFP-8H93;19/09/2025 16:39:31 - 19/09/2025 16:49:54;Ligado;00:10:23;00:06:36;00:03:47; - ;2.32;Avenida Galdino A. de Sousa -  384 -  Jandaia - GO -  75950-000 -  Brasil;Jandaia -  GO -  Brasil;$ 0,00;$ 0,00; - ;""
JANDAIA;01/09/2025 00:00:00 - 30/09/2025 23:59:59;TFP-8H93;TFP-8H93;19/09/2025 16:49:54 - 19/09/2025 16:54:08;Desligado; - ; - ; - ;00:04:14; - ;Jandaia, GO, Brasil; - ; - ; - ; - ; - 
JANDAIA;01/09/2025 00:00:00 - 30/09/2025 23:59:59;TFP-8H93;TFP-8H93;19/09/2025 16:54:08 - 19/09/2025 17:00:55;Ligado;00:06:47;00:04:30;00:02:17; - ;1.98;Jandaia -  GO -  Brasil;Rua Jose Faria Campos -  56 -  Jandaia - GO -  75950-000 -  Brasil;$ 0,00;$ 0,00; - ;""
JANDAIA;01/09/2025 00:00:00 - 30/09/2025 23:59:59;TFP-8H93;TFP-8H93;19/09/2025 17:00:55 - 19/09/2025 17:21:27;Desligado; - ; - ; - ;00:20:32; - ;Rua Jose Faria Campos, 56, Jandaia - GO, 75950-000, Brasil; - ; - ; - ; - ; - 
JANDAIA;01/09/2025 00:00:00 - 30/09/2025 23:59:59;TFP-8H93;TFP-8H93;19/09/2025 17:21:27 - 19/09/2025 18:36:23;Ligado;01:14:56;01:11:06;00:03:50; - ;43.69;Rua Jose Faria Campos -  56 -  Jandaia - GO -  75950-000 -  Brasil;Avenida Galdino A. de Sousa -  384 -  Jandaia - GO -  75950-000 -  Brasil;$ 0,00;$ 0,00; - ;""
JANDAIA;01/09/2025 00:00:00 - 30/09/2025 23:59:59;TFP-8H93;TFP-8H93;19/09/2025 18:36:23 - 20/09/2025 08:47:01;Desligado; - ; - ; - ;14:10:38; - ;Avenida Galdino A. de Sousa, 384, Jandaia - GO, 75950-000, Brasil; - ; - ; - ; - ; - 
JANDAIA;01/09/2025 00:00:00 - 30/09/2025 23:59:59;TFP-8H93;TFP-8H93;20/09/2025 08:47:01 - 20/09/2025 08:50:14;Ligado;00:03:13;00:02:03;00:01:10; - ;0.61;Avenida Galdino A. de Sousa -  384 -  Jandaia - GO -  75950-000 -  Brasil;GO-320 -  Jandaia - GO -  75950-000 -  Brasil;$ 0,00;$ 0,00; - ;""
JANDAIA;01/09/2025 00:00:00 - 30/09/2025 23:59:59;TFP-8H93;TFP-8H93;20/09/2025 08:50:14 - 20/09/2025 08:52:16;Desligado; - ; - ; - ;00:02:02; - ;GO-320, Jandaia - GO, 75950-000, Brasil; - ; - ; - ; - ; - 
JANDAIA;01/09/2025 00:00:00 - 30/09/2025 23:59:59;TFP-8H93;TFP-8H93;20/09/2025 08:52:16 - 20/09/2025 08:57:09;Ligado;00:04:53;00:02:32;00:02:21; - ;0.61;GO-320 -  Jandaia - GO -  75950-000 -  Brasil;Avenida Galdino A. de Sousa -  398 -  Jandaia - GO -  75950-000 -  Brasil;$ 0,00;$ 0,00; - ;""
JANDAIA;01/09/2025 00:00:00 - 30/09/2025 23:59:59;TFP-8H93;TFP-8H93;20/09/2025 08:57:09 - 21/09/2025 07:23:57;Desligado; - ; - ; - ;22:26:48; - ;Avenida Galdino A. de Sousa, 398, Jandaia - GO, 75950-000, Brasil; - ; - ; - ; - ; - 
JANDAIA;01/09/2025 00:00:00 - 30/09/2025 23:59:59;TFP-8H93;TFP-8H93;21/09/2025 07:23:57 - 21/09/2025 07:28:10;Ligado;00:04:13;00:02:31;00:01:42; - ;0.59;Avenida Galdino A. de Sousa -  398 -  Jandaia - GO -  75950-000 -  Brasil;GO-320 -  Jandaia - GO -  75950-000 -  Brasil;$ 0,00;$ 0,00; - ;""
JANDAIA;01/09/2025 00:00:00 - 30/09/2025 23:59:59;TFP-8H93;TFP-8H93;21/09/2025 07:28:10 - 21/09/2025 11:46:13;Desligado; - ; - ; - ;04:18:03; - ;GO-320, Jandaia - GO, 75950-000, Brasil; - ; - ; - ; - ; - 
JANDAIA;01/09/2025 00:00:00 - 30/09/2025 23:59:59;TFP-8H93;TFP-8H93;21/09/2025 11:46:13 - 21/09/2025 11:49:42;Ligado;00:03:29;00:02:52;00:00:37; - ;0.61;GO-320 -  Jandaia - GO -  75950-000 -  Brasil;Avenida Galdino A. de Sousa -  398 -  Jandaia - GO -  75950-000 -  Brasil;$ 0,00;$ 0,00; - ;""
JANDAIA;01/09/2025 00:00:00 - 30/09/2025 23:59:59;TFP-8H93;TFP-8H93;21/09/2025 11:49:42 - 21/09/2025 18:22:51;Desligado; - ; - ; - ;06:33:09; - ;Avenida Galdino A. de Sousa, 398, Jandaia - GO, 75950-000, Brasil; - ; - ; - ; - ; - 
JANDAIA;01/09/2025 00:00:00 - 30/09/2025 23:59:59;TFP-8H93;TFP-8H93;21/09/2025 18:22:51 - 21/09/2025 18:24:31;Ligado;00:01:40;00:01:02;00:00:38; - ;0.03;Avenida Galdino A. de Sousa -  398 -  Jandaia - GO -  75950-000 -  Brasil;Avenida Galdino A. de Sousa -  384 -  Jandaia - GO -  75950-000 -  Brasil;$ 0,00;$ 0,00; - ;""
JANDAIA;01/09/2025 00:00:00 - 30/09/2025 23:59:59;TFP-8H93;TFP-8H93;21/09/2025 18:24:31 - 22/09/2025 04:47:46;Desligado; - ; - ; - ;10:23:15; - ;Avenida Galdino A. de Sousa, 384, Jandaia - GO, 75950-000, Brasil; - ; - ; - ; - ; - 
JANDAIA;01/09/2025 00:00:00 - 30/09/2025 23:59:59;TFP-8H93;TFP-8H93;22/09/2025 04:47:46 - 22/09/2025 07:00:05;Ligado;02:12:19;02:07:24;00:04:55; - ;64.35;Avenida Galdino A. de Sousa -  374 -  Jandaia - GO -  75950-000 -  Brasil;Avenida Galdino A. de Sousa -  384 -  Jandaia - GO -  75950-000 -  Brasil;$ 0,00;$ 0,00; - ;""
JANDAIA;01/09/2025 00:00:00 - 30/09/2025 23:59:59;TFP-8H93;TFP-8H93;22/09/2025 07:00:05 - 22/09/2025 10:41:49;Desligado; - ; - ; - ;03:41:44; - ;Avenida Galdino A. de Sousa, 384, Jandaia - GO, 75950-000, Brasil; - ; - ; - ; - ; - 
JANDAIA;01/09/2025 00:00:00 - 30/09/2025 23:59:59;TFP-8H93;TFP-8H93;22/09/2025 10:41:49 - 22/09/2025 10:46:16;Ligado;00:04:27;00:03:56;00:00:31; - ;1.23;Avenida Galdino A. de Sousa -  222 -  Jandaia - GO -  75950-000 -  Brasil;Rua F-Dois -  94 -  Jandaia - GO -  75950-000 -  Brasil;$ 0,00;$ 0,00; - ;""
JANDAIA;01/09/2025 00:00:00 - 30/09/2025 23:59:59;TFP-8H93;TFP-8H93;22/09/2025 10:46:16 - 22/09/2025 10:52:31;Desligado; - ; - ; - ;00:06:15; - ;Rua F-Dois, 94, Jandaia - GO, 75950-000, Brasil; - ; - ; - ; - ; - 
JANDAIA;01/09/2025 00:00:00 - 30/09/2025 23:59:59;TFP-8H93;TFP-8H93;22/09/2025 10:52:31 - 22/09/2025 10:56:02;Ligado;00:03:31;00:02:57;00:00:34; - ;0.96;Rua F-Um -  63 -  Jandaia - GO -  75950-000 -  Brasil;Rua Tres -  Jandaia - GO -  75950-000 -  Brasil;$ 0,00;$ 0,00; - ;""
JANDAIA;01/09/2025 00:00:00 - 30/09/2025 23:59:59;TFP-8H93;TFP-8H93;22/09/2025 10:56:02 - 22/09/2025 11:11:22;Desligado; - ; - ; - ;00:15:20; - ;Rua Tres, Jandaia - GO, 75950-000, Brasil; - ; - ; - ; - ; - 
JANDAIA;01/09/2025 00:00:00 - 30/09/2025 23:59:59;TFP-8H93;TFP-8H93;22/09/2025 11:11:22 - 22/09/2025 11:15:57;Ligado;00:04:35;00:04:06;00:00:29; - ;1.70;Rua Tres -  Jandaia - GO -  75950-000 -  Brasil;Avenida Eliziario Luiz da Costa -  131 -  Jandaia - GO -  75950-000 -  Brasil;$ 0,00;$ 0,00; - ;""
JANDAIA;01/09/2025 00:00:00 - 30/09/2025 23:59:59;TFP-8H93;TFP-8H93;22/09/2025 11:15:57 - 22/09/2025 11:16:35;Desligado; - ; - ; - ;00:00:38; - ;Avenida Eliziario Luiz da Costa, 131, Jandaia - GO, 75950-000, Brasil; - ; - ; - ; - ; - 
JANDAIA;01/09/2025 00:00:00 - 30/09/2025 23:59:59;TFP-8H93;TFP-8H93;22/09/2025 11:16:35 - 22/09/2025 13:01:56;Ligado;01:45:21;01:37:46;00:07:35; - ;59.71;Avenida Eliziario Luiz da Costa -  131 -  Jandaia - GO -  75950-000 -  Brasil;Rua Libertino M. Mesquita -  366 -  Jandaia - GO -  75950-000 -  Brasil;$ 0,00;$ 0,00; - ;""
JANDAIA;01/09/2025 00:00:00 - 30/09/2025 23:59:59;TFP-8H93;TFP-8H93;22/09/2025 13:01:56 - 22/09/2025 13:08:15;Desligado; - ; - ; - ;00:06:19; - ;Rua Libertino M. Mesquita, 366, Jandaia - GO, 75950-000, Brasil; - ; - ; - ; - ; - 
JANDAIA;01/09/2025 00:00:00 - 30/09/2025 23:59:59;TFP-8H93;TFP-8H93;22/09/2025 13:08:15 - 22/09/2025 13:10:29;Ligado;00:02:14;00:01:38;00:00:36; - ;0.48;Avenida Dona Gercina Borges -  37 -  Jandaia - GO -  75950-000 -  Brasil;Avenida Galdino A. de Sousa -  384 -  Jandaia - GO -  75950-000 -  Brasil;$ 0,00;$ 0,00; - ;""
JANDAIA;01/09/2025 00:00:00 - 30/09/2025 23:59:59;TFP-8H93;TFP-8H93;22/09/2025 13:10:29 - 22/09/2025 14:10:51;Desligado; - ; - ; - ;01:00:22; - ;Avenida Galdino A. de Sousa, 384, Jandaia - GO, 75950-000, Brasil; - ; - ; - ; - ; - 
